RESPALDO DE FORMULAS 15/7/2025,,,,,,,,
,,,,,,,,
ACRILO 3,NBR ACRILO,DUREZA:,70,,,,,
47,ACRILO CJLT,100,1,1,50,100,"5493,6","2746,8"
38,NEGRO DE HUMO FEF N 550,90,"1,8","0,5556",45,50,"2507,4","1128,33"
29,DIOCTIL FTALATO   KALFLEX 10 (DOP),10,"0,98","1,0204",5,"10,2041","3844,2857","192,2143"
,,,,,,,,
,,,,,,,,
ACRILO PRUEBA,ACRILO RESISTENTE A ACEITES,DUREZA:,70,,,,,
244,ACRILO 3,134,"1,34","0,7463","53,03",100,10206,"5411,9668"
47,ACRILO CJLT,33,1,1,"13,06",33,"5493,6","717,4072"
40,THERMAX FEF N 990,20,"1,8","0,5556","7,91","11,1111",5859,"463,7119"
249,KALFLEX 17 DBP,19,"0,98","1,0204","7,52","19,3876","7495,7143","563,5875"
41,OXIDO DE ZINC SELLO BLANCO  (SELLO DORADO),5,"1,2","0,8333","1,98","4,1667","8114,4","160,554"
54,ESTEARINA ANIMAL MATER 53 EF,1,"0,85","1,1765","0,4","1,1765","3490,2","13,8116"
37,LESTAROX-F - NOMANOX P,1,"1,33","0,7519","0,4","0,7519","8265,6","32,7091"
6,SULFADS-RHENOGRAN DTDM-80,"1,5","1,4","0,7143","0,59","1,0714","15321,6","90,9474"
53,AZUFRE,"0,7","2,07","0,4831","0,28","0,3382","2154,6","5,9684"
7,"CBS - VULKACIT CZ/EG-C
","1,8","1,25","0,8","0,71","1,44",5355,"38,144"
4,TMTD - VULKACIT THIURAM/C,"1,9","1,4","0,7143","0,75","1,3571","4813,2","36,1895"
3,MBT-S  - VULKACIT DM,"1,8","1,5","0,6667","0,71","1,2","6249,6","44,5163"
16,CARBONATO DE CALCIO PREC.GEOQUIMICA IND,32,"2,7","0,3704","12,66","11,8519","844,2","106,903"
,"23/08/22 - Se ajusta formulación: + 5 phr N990; + 2 phr aceite; +0.3 phr DTDM; -0,1 PHR AZUFRE",,,,,,,
,,,,,,,,
ACRILO PRUEBA 2,Acrilo resistente a aceites,DUREZA:,70,,,,,
244,ACRILO 3,134,"1,34","0,7463","53,47",100,10206,"5457,3184"
47,ACRILO CJLT,33,1,1,"13,17",33,"5493,6","723,419"
40,THERMAX FEF N 990,20,"1,8","0,5556","7,98","11,1111",5859,"467,5978"
249,KALFLEX 17 DBP,19,"0,98","1,0204","7,58","19,3876","7495,7143","568,3103"
41,OXIDO DE ZINC SELLO BLANCO  (SELLO DORADO),5,"1,2","0,8333",2,"4,1667","8114,4","161,8994"
37,LESTAROX-F - NOMANOX P,1,"1,33","0,7519","0,4","0,7519","8265,6","32,9832"
53,AZUFRE,"0,7","2,07","0,4831","0,28","0,3382","2154,6","6,0184"
7,"CBS - VULKACIT CZ/EG-C
",2,"1,25","0,8","0,8","1,6",5355,"42,7374"
4,TMTD - VULKACIT THIURAM/C,"1,9","1,4","0,7143","0,76","1,3571","4813,2","36,4927"
3,MBT-S  - VULKACIT DM,2,"1,5","0,6667","0,8","1,3333","6249,6","49,8771"
16,CARBONATO DE CALCIO PREC.GEOQUIMICA IND,32,"2,7","0,3704","12,77","11,8519","844,2","107,7989"
,,,,,,,,
,,,,,,,,
AN 100/11 GR,Neopreno base GR ,DUREZA:,60,,,,,
150,EMPASTE NEOPRENO GR,"198,2","1,2","0,8333","94,79","165,1667",11340,"10748,8666"
41,OXIDO DE ZINC SELLO BLANCO  (SELLO DORADO),5,"1,2","0,1795","2,39","4,1667","8114,4","194,0316"
43,OXIDO DE MAGNESIO   MAGOX PREMIUM,4,"3,2","0,3125","1,91","1,25",5292,"101,2339"
53,AZUFRE,"0,5","2,07","0,4831","0,24","0,2415","2154,6","5,1521"
4,TMTD - VULKACIT THIURAM/C,"0,55","1,4","0,7143","0,26","0,3929","4813,2","12,6603"
7,"CBS - VULKACIT CZ/EG-C
","0,3","1,25","0,8","0,14","0,24",5355,"7,6829"
86,NA 22,"0,55","1,3","0,7692","0,26","0,4231",50400,"132,5681"
,,,,,,,,
,,,,,,,,
AN 100/11 GR 2,Neopreno base GR 2,DUREZA:,60,,,,,
150,EMPASTE NEOPRENO GR,"198,2","1,2","0,8333","93,01","165,1667",11340,"10547,1046"
41,OXIDO DE ZINC SELLO BLANCO  (SELLO DORADO),5,"1,2","0,1795","2,35","4,1667","8114,4","190,3895"
43,OXIDO DE MAGNESIO   MAGOX PREMIUM,4,"3,2","0,3125","1,88","1,25",5292,"99,3336"
53,AZUFRE,"0,5","2,07","0,4831","0,23","0,2415","2154,6","5,0554"
4,TMTD - VULKACIT THIURAM/C,"0,8","1,4","0,7143","0,38","0,5714","4813,2","18,0693"
7,"CBS - VULKACIT CZ/EG-C
","0,3","1,25","0,8","0,14","0,24",5355,"7,5387"
86,NA 22,"0,3","1,3","0,7692","0,14","0,2308",50400,"70,9526"
158,AFLUX 16,4,1,1,"1,88",4,5040,"94,6035"
,,,,,,,,
,,,,,,,,
AN 100/11 GR 3,Neopreno base GR 3,DUREZA:,60,,,,,
150,EMPASTE NEOPRENO GR,"198,2","1,2","0,8333","87,41","165,1667",11340,"9912,1852"
41,OXIDO DE ZINC SELLO BLANCO  (SELLO DORADO),5,"1,2","0,1795","2,21","4,1667","8114,4","178,9283"
43,OXIDO DE MAGNESIO   MAGOX PREMIUM,4,"3,2","0,3125","1,76","1,25",5292,"93,3539"
53,AZUFRE,"0,5","2,07","0,4831","0,22","0,2415","2154,6","4,751"
4,TMTD - VULKACIT THIURAM/C,"0,55","1,4","0,7143","0,24","0,3929","4813,2","11,6748"
7,"CBS - VULKACIT CZ/EG-C
","0,3","1,25","0,8","0,13","0,24",5355,"7,0849"
86,NA 22,"0,2","1,3","0,7692","0,09","0,1538",50400,"44,4542"
158,AFLUX 16,4,1,1,"1,76",4,5040,"88,9085"
80,ACEITE PESADO EXTRACTO AROMATICO,14,"0,898","1,1136","6,17","15,5902","2034,5212","125,6154"
,,,,,,,,
,,,,,,,,
AN 100/17,"Acrilo 98º C, medio alcalino",DUREZA:,80,,,,,
44,BAYPREN 210 - NEOPRENO W,80,"1,23","0,813","33,14","65,0407","10369,8","3436,5534"
38,NEGRO DE HUMO FEF N 550,80,"1,8","0,5556","33,14","44,4444","2507,4","830,9528"
16,CARBONATO DE CALCIO PREC.GEOQUIMICA IND,35,"2,7","0,3704","14,5","12,963","844,2","122,3985"
80,ACEITE PESADO EXTRACTO AROMATICO,10,"0,898","1,1136","4,14","11,1359","2034,5212","84,2801"
41,OXIDO DE ZINC SELLO BLANCO  (SELLO DORADO),5,"1,2","0,1795","2,07","4,1667","8114,4","168,0696"
43,OXIDO DE MAGNESIO   MAGOX PREMIUM,4,"3,2","0,3125","1,66","1,25",5292,"87,6885"
86,NA 22,"0,6","1,3","0,7692","0,25","0,4615",50400,"125,2693"
36,VULKANOX 4020    6PPD,"1,5","0,99","1,0101","0,62","1,5152",13041,"81,0336"
37,LESTAROX-F - NOMANOX P,"1,5","1,33","0,7519","0,62","1,1278","8265,6","51,3604"
32,CERA MICROCRISTALINA - ANTILUX 654,2,"0,9","1,1111","0,83","2,2222","8580,6","71,0903"
54,ESTEARINA ANIMAL MATER 53 EF,"0,5","0,85","1,1765","0,21","0,5882","3490,2","7,2291"
53,AZUFRE,"0,5","2,07","0,4831","0,21","0,2415","2154,6","4,4627"
4,TMTD - VULKACIT THIURAM/C,"0,5","1,4","0,7143","0,21","0,3571","4813,2","9,9693"
7,"CBS - VULKACIT CZ/EG-C
","0,3","1,25","0,8","0,12","0,24",5355,"6,6549"
58,CAUCHO NATURAL RSS1,20,"0,92","1,087","8,29","21,7391","4258,8","352,8418"
,,,,,,,,
,,,,,,,,
AN 100/2Cau,NEO VERDÚ,DUREZA:,70,,,,,
54,ESTEARINA ANIMAL MATER 53 EF,"0,5","0,85","1,1765","0,21","0,5882","3490,2","7,3929"
41,OXIDO DE ZINC SELLO BLANCO  (SELLO DORADO),5,"1,2","0,1795","2,12","4,1667","8114,4","171,8788"
32,CERA MICROCRISTALINA - ANTILUX 654,"2,5","0,9","1,1111","1,06","2,7778","8580,6","90,8769"
37,LESTAROX-F - NOMANOX P,1,"1,33","0,7519","0,42","0,7519","8265,6","35,0163"
16,CARBONATO DE CALCIO PREC.GEOQUIMICA IND,35,"2,7","0,3704","14,83","12,963","844,2","125,1726"
43,OXIDO DE MAGNESIO   MAGOX PREMIUM,4,"3,2","0,3125","1,69","1,25",5292,"89,6759"
53,AZUFRE,"0,5","2,07","0,4831","0,21","0,2415","2154,6","4,5639"
4,TMTD - VULKACIT THIURAM/C,"0,5","1,4","0,7143","0,21","0,3571","4813,2","10,1953"
7,"CBS - VULKACIT CZ/EG-C
","0,3","1,25","0,8","0,13","0,24",5355,"6,8058"
36,VULKANOX 4020    6PPD,"1,2","0,99","1,0101","0,51","1,2121",13041,"66,2961"
86,NA 22,"0,55","1,3","0,7692","0,23","0,4231",50400,"117,4327"
121,EMPASTE NEOPRENO,185,"1,4","0,7143","78,37","132,1455","7043,4","5520,1398"
,,,,,,,,
,,,,,,,,
AN 100/2rin,NEO VERDÚ,DUREZA:,70,,,,,
54,ESTEARINA ANIMAL MATER 53 EF,"0,5","0,85","1,1765","0,21","0,5882","3490,2","7,3929"
41,OXIDO DE ZINC SELLO BLANCO  (SELLO DORADO),5,"1,2","0,1795","2,12","4,1667","8114,4","171,8788"
32,CERA MICROCRISTALINA - ANTILUX 654,"2,5","0,9","1,1111","1,06","2,7778","8580,6","90,8769"
37,LESTAROX-F - NOMANOX P,1,"1,33","0,7519","0,42","0,7519","8265,6","35,0163"
16,CARBONATO DE CALCIO PREC.GEOQUIMICA IND,35,"2,7","0,3704","14,83","12,963","844,2","125,1726"
43,OXIDO DE MAGNESIO   MAGOX PREMIUM,4,"3,2","0,3125","1,69","1,25",5292,"89,6759"
53,AZUFRE,"0,5","2,07","0,4831","0,21","0,2415","2154,6","4,5639"
4,TMTD - VULKACIT THIURAM/C,"0,5","1,4","0,7143","0,21","0,3571","4813,2","10,1953"
7,"CBS - VULKACIT CZ/EG-C
","0,3","1,25","0,8","0,13","0,24",5355,"6,8058"
36,VULKANOX 4020    6PPD,"1,2","0,99","1,0101","0,51","1,2121",13041,"66,2961"
86,NA 22,"0,55","1,3","0,7692","0,23","0,4231",50400,"117,4327"
122,NEOVERDU,185,"1,4","0,7143","78,37","132,1429","9374,4","7347,0197"
,,,,,,,,
,,,,,,,,
AN 100/3,"Acrilo 98º C, medio alcalino",DUREZA:,70,,,,,
44,BAYPREN 210 - NEOPRENO W,100,"1,23","0,813","42,3","81,3008","10369,8","4386,5482"
38,NEGRO DE HUMO FEF N 550,65,"1,8","0,5556","27,5","36,1111","2507,4","689,4289"
16,CARBONATO DE CALCIO PREC.GEOQUIMICA IND,35,"2,7","0,3704","14,81","12,963","844,2","124,9873"
80,ACEITE PESADO EXTRACTO AROMATICO,20,"0,898","1,1136","8,46","22,2717","2034,5212","172,1253"
41,OXIDO DE ZINC SELLO BLANCO  (SELLO DORADO),5,"1,2","0,1795","2,12","4,1667","8114,4","171,6244"
43,OXIDO DE MAGNESIO   MAGOX PREMIUM,4,"3,2","0,3125","1,69","1,25",5292,"89,5431"
86,NA 22,"0,6","1,3","0,7692","0,25","0,4615",50400,"127,9188"
36,VULKANOX 4020    6PPD,"1,5","0,99","1,0101","0,63","1,5152",13041,"82,7475"
37,LESTAROX-F - NOMANOX P,"1,5","1,33","0,7519","0,63","1,1278","8265,6","52,4467"
32,CERA MICROCRISTALINA - ANTILUX 654,2,"0,9","1,1111","0,85","2,2222","8580,6","72,5939"
54,ESTEARINA ANIMAL MATER 53 EF,"0,5","0,85","1,1765","0,21","0,5882","3490,2","7,382"
53,AZUFRE,"0,5","2,07","0,4831","0,21","0,2415","2154,6","4,5571"
4,TMTD - VULKACIT THIURAM/C,"0,5","1,4","0,7143","0,21","0,3571","4813,2","10,1802"
7,"CBS - VULKACIT CZ/EG-C
","0,3","1,25","0,8","0,13","0,24",5355,"6,7957"
,,,,,,,,
,,,,,,,,
AN 101/1,Cloropreno ácidos sulfúrico y fórmico,DUREZA:,50,,,,,
246,EMPASTE NEOPRENO 210 GR,"110,4","1,2","0,8333","37,59",92,18018,"6772,8539"
44,BAYPREN 210 - NEOPRENO W,32,"1,23","0,813","10,9","26,0163","10369,8","1129,8386"
58,CAUCHO NATURAL RSS1,20,"0,92","1,087","6,81","21,7391","4258,8","290,0102"
16,CARBONATO DE CALCIO PREC.GEOQUIMICA IND,59,"2,7","0,3704","20,09","21,8519","844,2","169,5873"
56,FACTIS MARRON M2145,30,"1,06","0,9434","10,21","28,3019","6854,4","700,143"
80,ACEITE PESADO EXTRACTO AROMATICO,22,"0,898","1,1136","7,49","24,4989","2034,5212","152,3986"
31,EPSILUB,3,"0,9","1,1111","1,02","3,3333","8290,8","84,6864"
35,VULKANOX HS  TMQ,1,"0,85","1,1765","0,34","1,1765","4838,4","16,474"
37,LESTAROX-F - NOMANOX P,1,"1,33","0,7519","0,34","0,7519","8265,6","28,143"
32,CERA MICROCRISTALINA - ANTILUX 654,"2,5","0,9","1,1111","0,85","2,7778","8580,6","73,0388"
42,OXIDO DE ZINC ACTIVO,5,"5,57","0,1795","1,7","0,8977",6552,"111,5424"
43,OXIDO DE MAGNESIO   MAGOX PREMIUM,4,"3,2","0,3125","1,36","1,25",5292,"72,0735"
54,ESTEARINA ANIMAL MATER 53 EF,1,"0,85","1,1765","0,34","1,1765","3490,2","11,8836"
53,AZUFRE,"0,5","2,07","0,4831","0,17","0,2415","2154,6","3,668"
4,TMTD - VULKACIT THIURAM/C,"0,5","1,4","0,7143","0,17","0,3571","4813,2","8,1941"
7,"CBS - VULKACIT CZ/EG-C
","1,2","1,25","0,8","0,41","0,96",5355,"21,8795"
86,NA 22,"0,6","1,3","0,7692","0,2","0,4615",50400,"102,9622"
,,,,,,,,
,,,,,,,,
AN 101/1 Rev.1,Cloropreno ácidos sulfúrico y fórmico,DUREZA:,50,,,,,
44,BAYPREN 210 - NEOPRENO W,80,"1,23","0,813","26,62","65,0407","10369,8","2760,6789"
58,CAUCHO NATURAL RSS1,20,"0,92","1,087","6,66","21,7391","4258,8","283,4476"
38,NEGRO DE HUMO FEF N 550,52,"1,8","0,5556","17,3","28,8889","2507,4","433,8928"
80,ACEITE PESADO EXTRACTO AROMATICO,39,"0,898","1,1136","12,98","43,4298","2034,5212","264,0477"
43,OXIDO DE MAGNESIO   MAGOX PREMIUM,4,"3,2","0,3125","1,33","1,25",5292,"70,4426"
32,CERA MICROCRISTALINA - ANTILUX 654,"2,5","0,9","1,1111","0,83","2,7778","8580,6","71,386"
41,OXIDO DE ZINC SELLO BLANCO  (SELLO DORADO),5,"1,2","0,1795","1,66","4,1667","8114,4","135,015"
36,VULKANOX 4020    6PPD,"1,2","0,99","1,0101","0,4","1,2121",13041,"52,0772"
86,NA 22,"0,6","1,3","0,7692","0,2","0,4615",50400,"100,6323"
54,ESTEARINA ANIMAL MATER 53 EF,1,"0,85","1,1765","0,33","1,1765","3490,2","11,6146"
7,"CBS - VULKACIT CZ/EG-C
","1,2","1,25","0,8","0,4","0,96",5355,"21,3844"
53,AZUFRE,"0,5","2,07","0,4831","0,17","0,2415","2154,6","3,585"
31,EPSILUB,3,"0,9","1,1111",1,"3,3333","8290,8","82,77"
56,FACTIS MARRON M2145,30,"1,06","0,9434","9,98","28,3019","6854,4","684,2995"
16,CARBONATO DE CALCIO PREC.GEOQUIMICA IND,59,"2,7","0,3704","19,63","21,8519","844,2","165,7498"
37,LESTAROX-F - NOMANOX P,1,"1,33","0,7519","0,33","0,7519","8265,6","27,5062"
4,TMTD - VULKACIT THIURAM/C,"0,5","1,4","0,7143","0,17","0,3571","4813,2","8,0087"
,,,,,,,,
,,,,,,,,
AN 101/2,Cloropreno ácidos sulfúrico y fórmico,DUREZA:,45,,,,,
44,BAYPREN 210 - NEOPRENO W,80,"1,23","0,813","39,9","65,0407","10369,8","4137,5761"
58,CAUCHO NATURAL RSS1,20,"0,92","1,087","9,98","21,7391","4258,8","424,818"
38,NEGRO DE HUMO FEF N 550,50,"1,8","0,5556","24,94","27,7778","2507,4","625,2868"
80,ACEITE PESADO EXTRACTO AROMATICO,35,"0,898","1,1136","17,46","38,9755","2034,5212","355,1533"
43,OXIDO DE MAGNESIO   MAGOX PREMIUM,4,"3,2","0,3125",2,"1,25",5292,"105,5761"
32,CERA MICROCRISTALINA - ANTILUX 654,"1,5","0,9","1,1111","0,75","1,6667","8580,6","64,194"
41,OXIDO DE ZINC SELLO BLANCO  (SELLO DORADO),5,"1,2","0,1795","2,49","4,1667","8114,4","202,3541"
36,VULKANOX 4020    6PPD,1,"0,99","1,0101","0,5","1,0101",13041,"65,0424"
86,NA 22,"0,5","1,3","0,7692","0,25","0,3846",50400,"125,6858"
54,ESTEARINA ANIMAL MATER 53 EF,1,"0,85","1,1765","0,5","1,1765","3490,2","17,4075"
7,"CBS - VULKACIT CZ/EG-C
","0,5","1,25","0,8","0,25","0,4",5355,"13,3541"
53,AZUFRE,"0,5","2,07","0,4831","0,25","0,2415","2154,6","5,3731"
31,EPSILUB,"1,5","0,9","1,1111","0,75","1,6667","8290,8","62,0259"
,,,,,,,,
,,,,,,,,
AN 111/2,Acrilo SAE J 2000 3 BG 814 EA 14 EF 11 EO 14 EO 34,DUREZA:,75,,,,,
47,ACRILO CJLT,100,1,1,"49,24",100,"5493,6","2704,8744"
38,NEGRO DE HUMO FEF N 550,70,"1,8","0,5556","34,47","38,8889","2507,4","864,195"
29,DIOCTIL FTALATO   KALFLEX 10 (DOP),10,"0,98","1,0204","4,92","10,2041","3844,2857","189,2804"
41,OXIDO DE ZINC SELLO BLANCO  (SELLO DORADO),5,"1,2","0,1795","2,46","4,1667","8114,4","199,7637"
54,ESTEARINA ANIMAL MATER 53 EF,"1,5","0,85","1,1765","0,74","1,7647","3490,2","25,777"
53,AZUFRE,"0,7","2,07","0,4831","0,34","0,3382","2154,6","7,426"
7,"CBS - VULKACIT CZ/EG-C
","1,5","1,25","0,8","0,74","1,2",5355,"39,5495"
4,TMTD - VULKACIT THIURAM/C,1,"1,4","0,7143","0,49","0,7143","4813,2","23,6987"
14,VULKALENT G,"0,4","1,3","0,7692","0,2","0,3077","19857,6","39,109"
36,VULKANOX 4020    6PPD,"1,5","0,99","1,0101","0,74","1,5152",13041,"96,3146"
37,LESTAROX-F - NOMANOX P,"1,5","1,33","0,7519","0,74","1,1278","8265,6","61,0458"
32,CERA MICROCRISTALINA - ANTILUX 654,2,"0,9","1,1111","0,98","2,2222","8580,6","84,4963"
31,EPSILUB,2,"0,9","1,1111","0,98","2,2222","8290,8","81,6425"
57,DISECANTE RS - KEZADOL GR,6,2,"0,5","2,95",3,"3540,6","104,5968"
,,,,,,,,
,,,,,,,,
AN 112/1,ESPONJA DE ACRILO Revisión 2,DUREZA:,12,,,,,
47,ACRILO CJLT,100,1,1,"46,04",100,"5493,6","2529,2818"
38,NEGRO DE HUMO FEF N 550,15,"1,8","0,5556","6,91","8,3333","2507,4","173,163"
16,CARBONATO DE CALCIO PREC.GEOQUIMICA IND,60,"2,7","0,3704","27,62","22,2222","844,2","233,2044"
56,FACTIS MARRON M2145,15,"1,06","0,9434","6,91","14,1509","6854,4","473,3702"
29,DIOCTIL FTALATO   KALFLEX 10 (DOP),12,"0,98","1,0204","5,52","12,2449","3844,2857","212,3915"
41,OXIDO DE ZINC SELLO BLANCO  (SELLO DORADO),5,"1,2","0,1795","2,3","4,1667","8114,4","186,7956"
54,ESTEARINA ANIMAL MATER 53 EF,1,"0,85","1,1765","0,46","1,1765","3490,2","16,0691"
53,AZUFRE,1,"2,07","0,4831","0,46","0,4831","2154,6","9,9199"
3,MBT-S  - VULKACIT DM,"0,7","1,5","0,6667","0,32","0,4667","6249,6","20,1414"
1,DPG,"0,5","1,13","0,885","0,23","0,4425",9828,"22,6243"
37,LESTAROX-F - NOMANOX P,"1,5","1,33","0,7519","0,69","1,1278","8265,6","57,0829"
36,VULKANOX 4020    6PPD,"1,5","0,99","1,0101","0,69","1,5152",13041,"90,0622"
176,ESPONJANTE TSH,4,1,1,"1,84",4,"53461,8","984,5635"
,,,,,,,,
,,,,,,,,
AN 112/1+ft,ESPONJA DE ACRILO 3phr mas de dioctil,DUREZA:,12,,,,,
47,ACRILO CJLT,100,1,1,"45,41",100,"5493,6","2494,8229"
38,NEGRO DE HUMO FEF N 550,15,"1,8","0,5556","6,81","8,3333","2507,4","170,8038"
16,CARBONATO DE CALCIO PREC.GEOQUIMICA IND,60,"2,7","0,3704","27,25","22,2222","844,2","230,0272"
56,FACTIS MARRON M2145,15,"1,06","0,9434","6,81","14,1509","6854,4","466,921"
29,DIOCTIL FTALATO   KALFLEX 10 (DOP),15,"0,98","1,0204","6,81","15,3061","3844,2857","261,8723"
41,OXIDO DE ZINC SELLO BLANCO  (SELLO DORADO),5,"1,2","0,1795","2,27","4,1667","8114,4","184,2507"
54,ESTEARINA ANIMAL MATER 53 EF,1,"0,85","1,1765","0,45","1,1765","3490,2","15,8501"
53,AZUFRE,1,"2,07","0,4831","0,45","0,4831","2154,6","9,7847"
3,MBT-S  - VULKACIT DM,"0,7","1,5","0,6667","0,32","0,4667","6249,6","19,867"
1,DPG,"0,5","1,13","0,885","0,23","0,4425",9828,"22,3161"
37,LESTAROX-F - NOMANOX P,"1,5","1,33","0,7519","0,68","1,1278","8265,6","56,3052"
36,VULKANOX 4020    6PPD,"1,5","0,99","1,0101","0,68","1,5152",13041,"88,8351"
176,ESPONJANTE TSH,4,1,1,"1,82",4,"53461,8","971,1499"
,,,,,,,,
,,,,,,,,
AN 112/1-c-fef,ESPONJA DE ACRILO 4phr-car y fef,DUREZA:,12,,,,,
47,ACRILO CJLT,100,1,1,"48,44",100,"5493,6","2661,37"
38,NEGRO DE HUMO FEF N 550,11,"1,8","0,5556","5,33","6,1111","2507,4","133,6179"
16,CARBONATO DE CALCIO PREC.GEOQUIMICA IND,56,"2,7","0,3704","27,13","20,7407","844,2","229,0243"
56,FACTIS MARRON M2145,15,"1,06","0,9434","7,27","14,1509","6854,4","498,0913"
29,DIOCTIL FTALATO   KALFLEX 10 (DOP),"9,22","0,98","1,0204","4,47","9,4082","3844,2857","171,7097"
41,OXIDO DE ZINC SELLO BLANCO  (SELLO DORADO),5,"1,2","0,1795","2,42","4,1667","8114,4","196,5507"
54,ESTEARINA ANIMAL MATER 53 EF,1,"0,85","1,1765","0,48","1,1765","3490,2","16,9082"
53,AZUFRE,1,"2,07","0,4831","0,48","0,4831","2154,6","10,4379"
3,MBT-S  - VULKACIT DM,"0,7","1,5","0,6667","0,34","0,4667","6249,6","21,1933"
1,DPG,"0,5","1,13","0,885","0,24","0,4425",9828,"23,8058"
37,LESTAROX-F - NOMANOX P,"1,5","1,33","0,7519","0,73","1,1278","8265,6","60,0639"
36,VULKANOX 4020    6PPD,"1,5","0,99","1,0101","0,73","1,5152",13041,"94,7655"
176,ESPONJANTE TSH,4,1,1,"1,94",4,"53461,8","1035,981"
,,,,,,,,
,,,,,,,,
AN 112/1-fef,ESPONJA DE ACRILO 4 phr - fef,DUREZA:,12,,,,,
47,ACRILO CJLT,100,1,1,"47,52",100,"5493,6","2610,7784"
38,NEGRO DE HUMO FEF N 550,11,"1,8","0,5556","5,23","6,1111","2507,4","131,0778"
16,CARBONATO DE CALCIO PREC.GEOQUIMICA IND,60,"2,7","0,3704","28,51","22,2222","844,2","240,7186"
56,FACTIS MARRON M2145,15,"1,06","0,9434","7,13","14,1509","6854,4","488,6228"
29,DIOCTIL FTALATO   KALFLEX 10 (DOP),"9,22","0,98","1,0204","4,38","9,4082","3844,2857","168,4456"
41,OXIDO DE ZINC SELLO BLANCO  (SELLO DORADO),5,"1,2","0,1795","2,38","4,1667","8114,4","192,8144"
54,ESTEARINA ANIMAL MATER 53 EF,1,"0,85","1,1765","0,48","1,1765","3490,2","16,5868"
53,AZUFRE,1,"2,07","0,4831","0,48","0,4831","2154,6","10,2395"
3,MBT-S  - VULKACIT DM,"0,7","1,5","0,6667","0,33","0,4667","6249,6","20,7904"
1,DPG,"0,5","1,13","0,885","0,24","0,4425",9828,"23,3533"
37,LESTAROX-F - NOMANOX P,"1,5","1,33","0,7519","0,71","1,1278","8265,6","58,9222"
36,VULKANOX 4020    6PPD,"1,5","0,99","1,0101","0,71","1,5152",13041,"92,9641"
176,ESPONJANTE TSH,4,1,1,"1,9",4,"53461,8","1016,2874"
,,,,,,,,
,,,,,,,,
AN 112/1R1,ESPONJA DE ACRILO Revisión 1,DUREZA:,12,,,,,
47,ACRILO CJLT,100,1,1,"45,78",100,"5493,6","2515,1543"
38,NEGRO DE HUMO FEF N 550,15,"1,8","0,5556","6,87","8,3333","2507,4","172,1958"
16,CARBONATO DE CALCIO PREC.GEOQUIMICA IND,60,"2,7","0,3704","27,47","22,2222","844,2","231,9018"
56,FACTIS MARRON M2145,15,"1,06","0,9434","6,87","14,1509","6854,4","470,7261"
29,DIOCTIL FTALATO   KALFLEX 10 (DOP),"9,22","0,98","1,0204","4,22","9,4082","3844,2857","162,276"
41,OXIDO DE ZINC SELLO BLANCO  (SELLO DORADO),5,"1,2","0,1795","2,29","4,1667","8114,4","185,7522"
54,ESTEARINA ANIMAL MATER 53 EF,1,"0,85","1,1765","0,46","1,1765","3490,2","15,9793"
53,AZUFRE,1,"2,07","0,4831","0,46","0,4831","2154,6","9,8645"
3,MBT-S  - VULKACIT DM,"0,7","1,5","0,6667","0,32","0,4667","6249,6","20,0289"
1,DPG,"0,5","1,13","0,885","0,23","0,4425",9828,"22,4979"
37,LESTAROX-F - NOMANOX P,"1,5","1,33","0,7519","0,69","1,1278","8265,6","56,764"
36,VULKANOX 4020    6PPD,"1,5","0,99","1,0101","0,69","1,5152",13041,"89,5591"
176,ESPONJANTE TSH,8,1,1,"3,66",8,"53461,8","1958,1284"
,,,,,,,,
,,,,,,,,
AN 112/1R2,ESPONJA DE ACRILO Revisión 2,DUREZA:,12,,,,,
47,ACRILO CJLT,100,1,1,"46,64",100,"5493,6","2562,0744"
38,NEGRO DE HUMO FEF N 550,15,"1,8","0,5556",7,"8,3333","2507,4","175,4081"
16,CARBONATO DE CALCIO PREC.GEOQUIMICA IND,60,"2,7","0,3704","27,98","22,2222","844,2","236,228"
56,FACTIS MARRON M2145,15,"1,06","0,9434",7,"14,1509","6854,4","479,5075"
29,DIOCTIL FTALATO   KALFLEX 10 (DOP),"9,22","0,98","1,0204","4,3","9,4082","3844,2857","165,3032"
41,OXIDO DE ZINC SELLO BLANCO  (SELLO DORADO),5,"1,2","0,1795","2,33","4,1667","8114,4","189,2174"
54,ESTEARINA ANIMAL MATER 53 EF,1,"0,85","1,1765","0,47","1,1765","3490,2","16,2774"
53,AZUFRE,1,"2,07","0,4831","0,47","0,4831","2154,6","10,0485"
3,MBT-S  - VULKACIT DM,"0,7","1,5","0,6667","0,33","0,4667","6249,6","20,4026"
1,DPG,"0,5","1,13","0,885","0,23","0,4425",9828,"22,9176"
37,LESTAROX-F - NOMANOX P,"1,5","1,33","0,7519","0,7","1,1278","8265,6","57,823"
36,VULKANOX 4020    6PPD,"1,5","0,99","1,0101","0,7","1,5152",13041,"91,2298"
176,ESPONJANTE TSH,4,1,1,"1,87",4,"53461,8","997,3286"
,,,,,,,,
,,,,,,,,
AN 112/1Rev.0,ESPONJA DE ACRILO Rev. 0,DUREZA:,12,,,,,
47,ACRILO CJLT,100,1,1,"45,78",100,"5493,6","2515,1543"
38,NEGRO DE HUMO FEF N 550,15,"1,8","0,5556","6,87","8,3333","2507,4","172,1958"
16,CARBONATO DE CALCIO PREC.GEOQUIMICA IND,60,"2,7","0,3704","27,47","22,2222","844,2","231,9018"
56,FACTIS MARRON M2145,15,"1,06","0,9434","6,87","14,1509","6854,4","470,7261"
29,DIOCTIL FTALATO   KALFLEX 10 (DOP),"9,22","0,98","1,0204","4,22","9,4082","3844,2857","162,276"
41,OXIDO DE ZINC SELLO BLANCO  (SELLO DORADO),5,"1,2","0,1795","2,29","4,1667","8114,4","185,7522"
54,ESTEARINA ANIMAL MATER 53 EF,1,"0,85","1,1765","0,46","1,1765","3490,2","15,9793"
53,AZUFRE,1,"2,07","0,4831","0,46","0,4831","2154,6","9,8645"
3,MBT-S  - VULKACIT DM,"0,7","1,5","0,6667","0,32","0,4667","6249,6","20,0289"
1,DPG,"0,5","1,13","0,885","0,23","0,4425",9828,"22,4979"
37,LESTAROX-F - NOMANOX P,"1,5","1,33","0,7519","0,69","1,1278","8265,6","56,764"
36,VULKANOX 4020    6PPD,"1,5","0,99","1,0101","0,69","1,5152",13041,"89,5591"
174,MICROPOR DN,8,"1,2","0,8333","3,66","6,6667","39450,6","1444,9446"
,,,,,,,,
,,,,,,,,
AN 112/6,ESPONJA DE ACRILO 2 NUEVA,DUREZA:,25,,,,,
47,ACRILO CJLT,"82,4",1,1,"36,8","82,4","5493,6","2021,582"
244,ACRILO 3,"35,1","1,34","0,7463","15,68","26,194",10206,"1599,8151"
16,CARBONATO DE CALCIO PREC.GEOQUIMICA IND,60,"2,7","0,3704","26,8","22,2222","844,2","226,2058"
56,FACTIS MARRON M2145,15,"1,06","0,9434","6,7","14,1509","6854,4","459,164"
29,DIOCTIL FTALATO   KALFLEX 10 (DOP),"11,72","0,98","1,0204","5,23","11,9592","3844,2857","201,2104"
41,OXIDO DE ZINC SELLO BLANCO  (SELLO DORADO),5,"1,2","0,8333","2,23","4,1667","8114,4","181,1897"
54,ESTEARINA ANIMAL MATER 53 EF,1,"0,85","1,1765","0,45","1,1765","3490,2","15,5868"
53,AZUFRE,1,"2,07","0,4831","0,45","0,4831","2154,6","9,6222"
3,MBT-S  - VULKACIT DM,"0,7","1,5","0,6667","0,31","0,4667","6249,6","19,537"
1,DPG,"0,5","1,13","0,885","0,22","0,4425",9828,"21,9453"
37,LESTAROX-F - NOMANOX P,"1,5","1,33","0,7519","0,67","1,1278","8265,6","55,3698"
36,VULKANOX 4020    6PPD,"1,5","0,99","1,0101","0,67","1,5152",13041,"87,3593"
57,DISECANTE RS - KEZADOL GR,5,2,"0,5","2,23","2,5","3540,6","79,0595"
176,ESPONJANTE TSH,"3,5",1,1,"1,56","3,5","53461,8","835,6391"
,13/12/23: Cambio en aceite (de 10.26 a 11.72 PHR),,,,,,,
,,,,,,,,
"AN 112/6 REV, 1",ESPONJA DE ACRILO 2 NUEVA,DUREZA:,15,,,,,
47,ACRILO CJLT,"76,92",1,1,"34,61","76,92","5493,6","1901,0604"
74,ACRILO 1,"40,97","1,2","0,8333","18,43","34,1417",10080,"1857,9161"
16,CARBONATO DE CALCIO PREC.GEOQUIMICA IND,60,"2,7","0,3704","26,99","22,2222","844,2","227,8748"
56,FACTIS MARRON M2145,15,"1,06","0,9434","6,75","14,1509","6854,4","462,5517"
29,DIOCTIL FTALATO   KALFLEX 10 (DOP),"9,69","0,98","1,0204","4,36","9,8878","3844,2857","167,5865"
41,OXIDO DE ZINC SELLO BLANCO  (SELLO DORADO),5,"1,2","0,8333","2,25","4,1667","8114,4","182,5265"
54,ESTEARINA ANIMAL MATER 53 EF,1,"0,85","1,1765","0,45","1,1765","3490,2","15,7018"
53,AZUFRE,1,"2,07","0,4831","0,45","0,4831","2154,6","9,6932"
3,MBT-S  - VULKACIT DM,"0,7","1,5","0,6667","0,31","0,4667","6249,6","19,6811"
1,DPG,"0,5","1,13","0,885","0,22","0,4425",9828,"22,1073"
37,LESTAROX-F - NOMANOX P,"1,5","1,33","0,7519","0,67","1,1278","8265,6","55,7783"
36,VULKANOX 4020    6PPD,"1,5","0,99","1,0101","0,67","1,5152",13041,"88,0039"
174,MICROPOR DN,"3,5","1,2","0,8333","1,57","2,9167","39450,6","621,1854"
57,DISECANTE RS - KEZADOL GR,5,2,"0,5","2,25","2,5","3540,6","79,6428"
,,,,,,,,
,,,,,,,,
AN 112/6 Rev.1,Esponja de Acrilo 08/03/16 se quita 5 phr dioctiol para prox,DUREZA:,15,,,,,
47,ACRILO CJLT,100,1,1,"45,11",100,"5493,6","2477,9432"
38,NEGRO DE HUMO FEF N 550,15,"1,8","0,5556","6,77","8,3333","2507,4","169,6482"
16,CARBONATO DE CALCIO PREC.GEOQUIMICA IND,60,"2,7","0,3704","27,06","22,2222","844,2","228,4709"
56,FACTIS MARRON M2145,15,"1,06","0,9434","6,77","14,1509","6854,4","463,7618"
29,DIOCTIL FTALATO   KALFLEX 10 (DOP),12,"0,98","1,0204","5,41","12,2449","3844,2857","208,0804"
41,OXIDO DE ZINC SELLO BLANCO  (SELLO DORADO),5,"1,2","0,1795","2,26","4,1667","8114,4","183,0041"
54,ESTEARINA ANIMAL MATER 53 EF,1,"0,85","1,1765","0,45","1,1765","3490,2","15,7429"
53,AZUFRE,1,"2,07","0,4831","0,45","0,4831","2154,6","9,7185"
3,MBT-S  - VULKACIT DM,"0,7","1,5","0,6667","0,32","0,4667","6249,6","19,7326"
1,DPG,"0,5","1,13","0,885","0,23","0,4425",9828,"22,1651"
37,LESTAROX-F - NOMANOX P,"1,5","1,33","0,7519","0,68","1,1278","8265,6","55,9242"
36,VULKANOX 4020    6PPD,"1,5","0,99","1,0101","0,68","1,5152",13041,"88,2341"
176,ESPONJANTE TSH,"3,5",1,1,"1,58","3,5","53461,8","844,0068"
57,DISECANTE RS - KEZADOL GR,5,2,"0,5","2,26","2,5","3540,6","79,8512"
,,,,,,,,
,,,,,,,,
AN 112/6 REV.2,ESPONJA DE ACRILO 1 NUEVA,DUREZA:,15,,,,,
47,ACRILO CJLT,"81,93",1,1,"36,88","81,93","5493,6","2026,0664"
74,ACRILO 1,"38,94","1,2","0,8333","17,53","32,45",10080,"1766,8926"
16,CARBONATO DE CALCIO PREC.GEOQUIMICA IND,60,"2,7","0,3704","27,01","22,2222","844,2","228,0081"
56,FACTIS MARRON M2145,15,"1,06","0,9434","6,75","14,1509","6854,4","462,8224"
29,DIOCTIL FTALATO   KALFLEX 10 (DOP),"6,58","0,98","1,0204","2,96","6,7143","3844,2857","113,8663"
41,OXIDO DE ZINC SELLO BLANCO  (SELLO DORADO),5,"1,2","0,8333","2,25","4,1667","8114,4","182,6334"
54,ESTEARINA ANIMAL MATER 53 EF,1,"0,85","1,1765","0,45","1,1765","3490,2","15,711"
53,AZUFRE,1,"2,07","0,4831","0,45","0,4831","2154,6","9,6989"
3,MBT-S  - VULKACIT DM,"0,7","1,5","0,6667","0,32","0,4667","6249,6","19,6926"
1,DPG,"0,5","1,13","0,885","0,23","0,4425",9828,"22,1202"
37,LESTAROX-F - NOMANOX P,"1,5","1,33","0,7519","0,68","1,1278","8265,6","55,8109"
36,VULKANOX 4020    6PPD,"1,5","0,99","1,0101","0,68","1,5152",13041,"88,0554"
174,MICROPOR DN,"3,5","1,2","0,8333","1,58","2,9167","39450,6","621,549"
57,DISECANTE RS - KEZADOL GR,5,2,"0,5","2,25","2,5","3540,6","79,6894"
,,,,,,,,
,,,,,,,,
AN 112/6 T,Esponja de Acrilo tunel,DUREZA:,15,,,,,
47,ACRILO CJLT,100,1,1,"44,9",100,"5493,6","2466,8163"
38,NEGRO DE HUMO FEF N 550,15,"1,8","0,5556","6,74","8,3333","2507,4","168,8864"
16,CARBONATO DE CALCIO PREC.GEOQUIMICA IND,60,"2,7","0,3704","26,94","22,2222","844,2","227,445"
56,FACTIS MARRON M2145,15,"1,06","0,9434","6,74","14,1509","6854,4","461,6794"
29,DIOCTIL FTALATO   KALFLEX 10 (DOP),15,"0,98","1,0204","6,74","15,3061","3844,2857","258,9326"
41,OXIDO DE ZINC SELLO BLANCO  (SELLO DORADO),5,"1,2","0,1795","2,25","4,1667","8114,4","182,1823"
54,ESTEARINA ANIMAL MATER 53 EF,1,"0,85","1,1765","0,45","1,1765","3490,2","15,6722"
53,AZUFRE,1,"2,07","0,4831","0,45","0,4831","2154,6","9,6749"
3,MBT-S  - VULKACIT DM,"0,7","1,5","0,6667","0,31","0,4667","6249,6","19,644"
1,DPG,"0,5","1,13","0,885","0,22","0,4425",9828,"22,0656"
37,LESTAROX-F - NOMANOX P,"1,5","1,33","0,7519","0,67","1,1278","8265,6","55,6731"
36,VULKANOX 4020    6PPD,"1,5","0,99","1,0101","0,67","1,5152",13041,"87,8379"
57,DISECANTE RS - KEZADOL GR,3,2,"0,5","1,35","1,5","3540,6","47,6956"
176,ESPONJANTE TSH,"3,5",1,1,"1,57","3,5","53461,8","840,2169"
,,,,,,,,
,,,,,,,,
AN 112/7,Esponja de Acrilo,DUREZA:,20,,,,,
47,ACRILO CJLT,100,1,1,"45,11",100,"5493,6","2477,9432"
38,NEGRO DE HUMO FEF N 550,20,"1,8","0,5556","9,02","11,1111","2507,4","226,1976"
16,CARBONATO DE CALCIO PREC.GEOQUIMICA IND,60,"2,7","0,3704","27,06","22,2222","844,2","228,4709"
56,FACTIS MARRON M2145,15,"1,06","0,9434","6,77","14,1509","6854,4","463,7618"
29,DIOCTIL FTALATO   KALFLEX 10 (DOP),12,"0,98","1,0204","5,41","12,2449","3844,2857","208,0804"
41,OXIDO DE ZINC SELLO BLANCO  (SELLO DORADO),5,"1,2","0,1795","2,26","4,1667","8114,4","183,0041"
54,ESTEARINA ANIMAL MATER 53 EF,1,"0,85","1,1765","0,45","1,1765","3490,2","15,7429"
53,AZUFRE,1,"2,07","0,4831","0,45","0,4831","2154,6","9,7185"
3,MBT-S  - VULKACIT DM,"0,7","1,5","0,6667","0,32","0,4667","6249,6","19,7326"
1,DPG,"0,5","1,13","0,885","0,23","0,4425",9828,"22,1651"
37,LESTAROX-F - NOMANOX P,"1,5","1,33","0,7519","0,68","1,1278","8265,6","55,9242"
36,VULKANOX 4020    6PPD,"1,5","0,99","1,0101","0,68","1,5152",13041,"88,2341"
176,ESPONJANTE TSH,"3,5",1,1,"1,58","3,5","53461,8","844,0068"
,,,,,,,,
,,,,,,,,
AN 112/8,Esponja de Acrilo,DUREZA:,35,,,,,
75,ACRILO 2,"95,85","1,2","0,8333","40,59","79,875",10080,"4091,3318"
47,ACRILO CJLT,46,1,1,"19,48",46,"5493,6","1070,1063"
16,CARBONATO DE CALCIO PREC.GEOQUIMICA IND,60,"2,7","0,3704","25,41","22,2222","844,2","214,4908"
56,FACTIS MARRON M2145,15,"1,06","0,9434","6,35","14,1509","6854,4","435,3843"
29,DIOCTIL FTALATO   KALFLEX 10 (DOP),"4,6","0,98","1,0204","1,95","4,6939","3844,2857","74,8834"
41,OXIDO DE ZINC SELLO BLANCO  (SELLO DORADO),5,"1,2","0,8333","2,12","4,1667","8114,4","171,8061"
54,ESTEARINA ANIMAL MATER 53 EF,1,"0,85","1,1765","0,42","1,1765","3490,2","14,7796"
53,AZUFRE,1,"2,07","0,4831","0,42","0,4831","2154,6","9,1239"
3,MBT-S  - VULKACIT DM,"0,7","1,5","0,6667","0,3","0,4667","6249,6","18,5252"
1,DPG,"0,5","1,13","0,885","0,21","0,4425",9828,"20,8088"
37,LESTAROX-F - NOMANOX P,"1,5","1,33","0,7519","0,64","1,1278","8265,6","52,5022"
36,VULKANOX 4020    6PPD,"1,5","0,99","1,0101","0,64","1,5152",13041,"82,8351"
174,MICROPOR DN,"3,5","1,2","0,8333","1,48","2,9167","39450,6","584,7008"
,,,,,,,,
,,,,,,,,
AN 112/8 GR,ESPONJA ACRILO GR,DUREZA:,35,,,,,
74,ACRILO 1,"71,84","1,2","0,8333","29,8","59,8667",10080,"3004,2615"
47,ACRILO CJLT,"66,7",1,1,"27,67","66,7","5493,6","1520,1756"
16,CARBONATO DE CALCIO PREC.GEOQUIMICA IND,70,"2,7","0,3704","29,04","25,9259","844,2","245,1626"
56,FACTIS MARRON M2145,15,"1,06","0,9434","6,22","14,1509","6854,4","426,5516"
41,OXIDO DE ZINC SELLO BLANCO  (SELLO DORADO),5,"1,2","0,8333","2,07","4,1667","8114,4","168,3206"
54,ESTEARINA ANIMAL MATER 53 EF,1,"0,85","1,1765","0,41","1,1765","3490,2","14,4798"
53,AZUFRE,1,"2,07","0,4831","0,41","0,4831","2154,6","8,9388"
3,MBT-S  - VULKACIT DM,"0,7","1,5","0,6667","0,29","0,4667","6249,6","18,1494"
1,DPG,"0,5","1,13","0,885","0,21","0,4425",9828,"20,3867"
37,LESTAROX-F - NOMANOX P,"1,5","1,33","0,7519","0,62","1,1278","8265,6","51,4371"
36,VULKANOX 4020    6PPD,"1,5","0,99","1,0101","0,62","1,5152",13041,"81,1546"
176,ESPONJANTE TSH,"2,3",1,1,"0,95","2,3","53461,8","510,1317"
57,DISECANTE RS - KEZADOL GR,4,2,"0,5","1,66",2,"3540,6","58,7554"
,,,,,,,,
,,,,,,,,
AN 112/8 Rev. 1,Esponja de Acrilo,DUREZA:,35,,,,,
47,ACRILO CJLT,100,1,1,"42,83",100,"5493,6","2352,7195"
38,NEGRO DE HUMO FEF N 550,35,"1,8","0,5556","14,99","19,4444","2507,4","375,8415"
16,CARBONATO DE CALCIO PREC.GEOQUIMICA IND,60,"2,7","0,3704","25,7","22,2222","844,2","216,9251"
56,FACTIS MARRON M2145,15,"1,06","0,9434","6,42","14,1509","6854,4","440,3255"
29,DIOCTIL FTALATO   KALFLEX 10 (DOP),10,"0,98","1,0204","4,28","10,2041","3844,2857","164,6375"
41,OXIDO DE ZINC SELLO BLANCO  (SELLO DORADO),5,"1,2","0,1795","2,14","4,1667","8114,4","173,7559"
54,ESTEARINA ANIMAL MATER 53 EF,1,"0,85","1,1765","0,43","1,1765","3490,2","14,9473"
53,AZUFRE,1,"2,07","0,4831","0,43","0,4831","2154,6","9,2274"
3,MBT-S  - VULKACIT DM,"0,7","1,5","0,6667","0,3","0,4667","6249,6","18,7354"
1,DPG,"0,5","1,13","0,885","0,21","0,4425",9828,"21,045"
37,LESTAROX-F - NOMANOX P,"1,5","1,33","0,7519","0,64","1,1278","8265,6","53,0981"
36,VULKANOX 4020    6PPD,"1,5","0,99","1,0101","0,64","1,5152",13041,"83,7752"
176,ESPONJANTE TSH,"2,3",1,1,"0,99","2,3","53461,8","526,6045"
,,,,,,,,
,,,,,,,,
AN 112/8 Rev. 2,Esponja de Acrilo,DUREZA:,35,,,,,
244,ACRILO 3,"77,78","1,34","0,7463","33,35","58,0448",10206,"3404,0424"
47,ACRILO CJLT,"61,11",1,1,"26,2","61,11","5493,6","1439,5965"
16,CARBONATO DE CALCIO PREC.GEOQUIMICA IND,60,"2,7","0,3704","25,73","22,2222","844,2","217,2041"
56,FACTIS MARRON M2145,15,"1,06","0,9434","6,43","14,1509","6854,4","440,8919"
29,DIOCTIL FTALATO   KALFLEX 10 (DOP),"6,11","0,98","1,0204","2,62","6,2347","3844,2857","100,7229"
41,OXIDO DE ZINC SELLO BLANCO  (SELLO DORADO),5,"1,2","0,8333","2,14","4,1667","8114,4","173,9794"
54,ESTEARINA ANIMAL MATER 53 EF,1,"0,85","1,1765","0,43","1,1765","3490,2","14,9666"
53,AZUFRE,1,"2,07","0,4831","0,43","0,4831","2154,6","9,2393"
3,MBT-S  - VULKACIT DM,"0,7","1,5","0,6667","0,3","0,4667","6249,6","18,7595"
1,DPG,"0,5","1,13","0,885","0,21","0,4425",9828,"21,072"
37,LESTAROX-F - NOMANOX P,"1,5","1,33","0,7519","0,64","1,1278","8265,6","53,1664"
36,VULKANOX 4020    6PPD,"1,5","0,99","1,0101","0,64","1,5152",13041,"83,8829"
174,MICROPOR DN,2,"1,2","0,8333","0,86","1,6667","39450,6","338,3413"
,,,,,,,,
,,,,,,,,
AN 112/Prueba,ESPONJA DE ACRILO 3phr mas de dioctil,DUREZA:,12,,,,,
47,ACRILO CJLT,100,1,1,"45,41",100,"5493,6","2494,8229"
38,NEGRO DE HUMO FEF N 550,15,"1,8","0,5556","6,81","8,3333","2507,4","170,8038"
16,CARBONATO DE CALCIO PREC.GEOQUIMICA IND,60,"2,7","0,3704","27,25","22,2222","844,2","230,0272"
56,FACTIS MARRON M2145,15,"1,06","0,9434","6,81","14,1509","6854,4","466,921"
29,DIOCTIL FTALATO   KALFLEX 10 (DOP),15,"0,98","1,0204","6,81","15,3061","3844,2857","261,8723"
41,OXIDO DE ZINC SELLO BLANCO  (SELLO DORADO),5,"1,2","0,1795","2,27","4,1667","8114,4","184,2507"
54,ESTEARINA ANIMAL MATER 53 EF,1,"0,85","1,1765","0,45","1,1765","3490,2","15,8501"
53,AZUFRE,1,"2,07","0,4831","0,45","0,4831","2154,6","9,7847"
3,MBT-S  - VULKACIT DM,"0,7","1,5","0,6667","0,32","0,4667","6249,6","19,867"
1,DPG,"0,5","1,13","0,885","0,23","0,4425",9828,"22,3161"
37,LESTAROX-F - NOMANOX P,"1,5","1,33","0,7519","0,68","1,1278","8265,6","56,3052"
36,VULKANOX 4020    6PPD,"1,5","0,99","1,0101","0,68","1,5152",13041,"88,8351"
176,ESPONJANTE TSH,4,1,1,"1,82",4,"53461,8","971,1499"
,,,,,,,,
,,,,,,,,
an 113/1,ACRILO PRENSA TAPONES DE SURTIDOR,DUREZA:,70,,,,,
74,ACRILO 1,213,"1,2","0,8333","94,46","177,5",10080,"9521,2417"
41,OXIDO DE ZINC SELLO BLANCO  (SELLO DORADO),"4,26","1,2","0,1795","1,89","3,55","8114,4","153,292"
54,ESTEARINA ANIMAL MATER 53 EF,"1,85","0,85","1,1765","0,82","2,1765","3490,2","28,6336"
53,AZUFRE,2,"2,07","0,4831","0,89","0,9662","2154,6","19,1095"
4,TMTD - VULKACIT THIURAM/C,"0,14","1,4","0,7143","0,06","0,1","4813,2","2,9882"
3,MBT-S  - VULKACIT DM,1,"1,5","0,6667","0,44","0,6667","6249,6","27,7144"
1,DPG,"0,43","1,13","0,885","0,19","0,3805",9828,"18,7408"
37,LESTAROX-F - NOMANOX P,1,"1,33","0,7519","0,44","0,7519","8265,6","36,6545"
36,VULKANOX 4020    6PPD,"1,42","0,99","1,0101","0,63","1,4343",13041,"82,1207"
14,VULKALENT G,"0,4","1,3","0,7692","0,18","0,3077","19857,6","35,2241"
,,,,,,,,
,,,,,,,,
AN 113/2,Acrilo para arandela y reten para glp gas,DUREZA:,65,,,,,
47,ACRILO CJLT,80,1,1,"46,54",80,"5493,6","2556,6492"
155,BUDENE 1280,20,"0,9","1,1111","11,63","22,2222",18900,"2198,9529"
156,NEGRO DE HUMO HAF 330,45,"1,8","0,5556","26,18",25,3780,"989,5288"
29,DIOCTIL FTALATO   KALFLEX 10 (DOP),10,"0,98","1,0204","5,82","10,2041","3844,2857","223,635"
37,LESTAROX-F - NOMANOX P,1,"1,33","0,7519","0,58","0,7519","8265,6","48,0838"
36,VULKANOX 4020    6PPD,1,"0,99","1,0101","0,58","1,0101",13041,"75,8639"
41,OXIDO DE ZINC SELLO BLANCO  (SELLO DORADO),6,"1,2","0,8333","3,49",5,"8114,4","283,2251"
54,ESTEARINA ANIMAL MATER 53 EF,2,"0,85","1,1765","1,16","2,3529","3490,2","40,6073"
53,AZUFRE,"0,5","2,07","0,4831","0,29","0,2415","2154,6","6,267"
3,MBT-S  - VULKACIT DM,"1,8","1,5","0,6667","1,05","1,2","6249,6","65,4408"
7,"CBS - VULKACIT CZ/EG-C
","1,8","1,25","0,8","1,05","1,44",5355,"56,0733"
4,TMTD - VULKACIT THIURAM/C,"1,2","1,4","0,7143","0,7","0,8571","4813,2","33,6"
6,SULFADS-RHENOGRAN DTDM-80,"1,6","1,4","0,7143","0,93","1,1429","15321,6","142,6094"
,,,,,,,,
,,,,,,,,
AN 116/1,Acrilo para tubo de nafta,DUREZA:,70,,,,,
244,ACRILO 3,184,"1,34","0,7463","69,04","137,3134",10206,"7046,2797"
47,ACRILO CJLT,4,1,1,"1,5",4,"5493,6","82,4524"
16,CARBONATO DE CALCIO PREC.GEOQUIMICA IND,50,"2,7","0,3704","18,76","18,5185","844,2","158,3805"
29,DIOCTIL FTALATO   KALFLEX 10 (DOP),15,"0,98","1,0204","5,63","15,3061","3844,2857","216,3682"
41,OXIDO DE ZINC SELLO BLANCO  (SELLO DORADO),"5,32","1,2","0,8333",2,"4,4333","8114,4","161,9774"
54,ESTEARINA ANIMAL MATER 53 EF,2,"0,85","1,1765","0,75","2,3529","3490,2","26,1919"
53,AZUFRE,2,"2,07","0,4831","0,75","0,9662","2154,6","16,169"
3,MBT-S  - VULKACIT DM,"1,04","1,5","0,6667","0,39","0,6933","6249,6","24,3878"
4,TMTD - VULKACIT THIURAM/C,"0,15","1,4","0,7143","0,06","0,1071","4813,2","2,709"
37,LESTAROX-F - NOMANOX P,"1,5","1,33","0,7519","0,56","1,1278","8265,6","46,5213"
36,VULKANOX 4020    6PPD,"1,5","0,99","1,0101","0,56","1,5152",13041,"73,3987"
,,,,,,,,
,,,,,,,,
AN 116/1 Rev. 1,Acrilo para tubo de nafta,DUREZA:,70,,,,,
74,ACRILO 1,213,"1,2","0,8333","93,8","177,5",10080,"9455,4102"
41,OXIDO DE ZINC SELLO BLANCO  (SELLO DORADO),"5,32","1,2","0,1795","2,34","4,4333","8114,4","190,1115"
54,ESTEARINA ANIMAL MATER 53 EF,2,"0,85","1,1765","0,88","2,3529","3490,2","30,7412"
37,LESTAROX-F - NOMANOX P,"1,5","1,33","0,7519","0,66","1,1278","8265,6","54,6017"
53,AZUFRE,2,"2,07","0,4831","0,88","0,9662","2154,6","18,9774"
3,MBT-S  - VULKACIT DM,"1,07","1,5","0,6667","0,47","0,7133","6249,6","29,4494"
4,TMTD - VULKACIT THIURAM/C,"0,15","1,4","0,7143","0,07","0,1071","4813,2","3,1795"
36,VULKANOX 4020    6PPD,"1,5","0,99","1,0101","0,66","1,5152",13041,"86,1474"
14,VULKALENT G,"0,53","1,3","0,7692","0,23","0,4077","19857,6","46,3493"
,,,,,,,,
,,,,,,,,
AN 116/10,TUBO NAFTA ACRILO,DUREZA:,60,,,,,
244,ACRILO 3,"184,5","1,34","0,7463","72,59","137,6866",10206,"7409,038"
47,ACRILO CJLT,"7,7",1,1,"3,03","7,7","5493,6","166,44"
16,CARBONATO DE CALCIO PREC.GEOQUIMICA IND,30,"2,7","0,3704","11,8","11,1111","844,2","99,6498"
29,DIOCTIL FTALATO   KALFLEX 10 (DOP),22,"0,98","1,0204","8,66","22,449","3844,2857","332,7731"
41,OXIDO DE ZINC SELLO BLANCO  (SELLO DORADO),2,"1,2","0,8333","0,79","1,6667","8114,4","63,8552"
53,AZUFRE,2,"2,07","0,4831","0,79","0,9662","2154,6","16,9553"
7,"CBS - VULKACIT CZ/EG-C
","1,8","1,25","0,8","0,71","1,44",5355,"37,9264"
4,TMTD - VULKACIT THIURAM/C,"0,15","1,4","0,7143","0,06","0,1071","4813,2","2,8408"
37,LESTAROX-F - NOMANOX P,2,"1,33","0,7519","0,79","1,5038","8265,6","65,0451"
212,STRUKTOL EF 44,1,1,1,"0,39",1,"12196,8","47,9906"
123,STRUKTOL WB 222,1,"0,95","1,0526","0,39","1,0526",11340,"44,6193"
,,,,,,,,
,,,,,,,,
AN 116/10 REV. 1,Acrilo para tubo de nafta,DUREZA:,60,,,,,
74,ACRILO 1,213,"1,2","0,8333","87,99","177,5",10080,"8869,5006"
41,OXIDO DE ZINC SELLO BLANCO  (SELLO DORADO),"5,32","1,2","0,1795","2,2","4,4333","8114,4","178,3311"
54,ESTEARINA ANIMAL MATER 53 EF,2,"0,85","1,1765","0,83","2,3529","3490,2","28,8363"
37,LESTAROX-F - NOMANOX P,"1,5","1,33","0,7519","0,62","1,1278","8265,6","51,2182"
53,AZUFRE,2,"2,07","0,4831","0,83","0,9662","2154,6","17,8015"
3,MBT-S  - VULKACIT DM,"1,07","1,5","0,6667","0,44","0,7133","6249,6","27,6245"
4,TMTD - VULKACIT THIURAM/C,"0,15","1,4","0,7143","0,06","0,1071","4813,2","2,9825"
36,VULKANOX 4020    6PPD,"1,5","0,99","1,0101","0,62","1,5152",13041,"80,8093"
14,VULKALENT G,"0,53","1,3","0,7692","0,22","0,4077","19857,6","43,4772"
29,DIOCTIL FTALATO   KALFLEX 10 (DOP),15,"0,98","1,0204","6,2","15,3061","3844,2857","238,2133"
,,,,,,,,
,,,,,,,,
AN 116/10 rev.2,ACRILO TUBO DE NAFTA,DUREZA:,60,,,,,
244,ACRILO 3,"184,5","1,34","0,7463","78,96","137,6866",10206,"8058,4029"
71,CCJ,"7,7","1,13","0,885","3,3","6,8142","6148,8","202,6181"
29,DIOCTIL FTALATO   KALFLEX 10 (DOP),27,"0,98","1,0204","11,55","27,551","3844,2857","444,1979"
41,OXIDO DE ZINC SELLO BLANCO  (SELLO DORADO),"5,32","1,2","0,8333","2,28","4,4333","8114,4","184,7418"
54,ESTEARINA ANIMAL MATER 53 EF,2,"0,85","1,1765","0,86","2,3529","3490,2","29,8729"
53,AZUFRE,2,"2,07","0,4831","0,86","0,9662","2154,6","18,4414"
7,"CBS - VULKACIT CZ/EG-C
",2,"1,25","0,8","0,86","1,6",5355,"45,8339"
4,TMTD - VULKACIT THIURAM/C,"0,15","1,4","0,7143","0,06","0,1071","4813,2","3,0897"
37,LESTAROX-F - NOMANOX P,"1,5","1,33","0,7519","0,64","1,1278","8265,6","53,0594"
35,VULKANOX HS  TMQ,"1,5","0,85","1,1765","0,64","1,7647","4838,4","31,0592"
,,,,,,,,
,,,,,,,,
AN 116/11,Acrilo para tubo de nafta,DUREZA:,55,,,,,
74,ACRILO 1,213,"1,2","0,8333","85,18","177,5",10080,"8585,756"
41,OXIDO DE ZINC SELLO BLANCO  (SELLO DORADO),"5,32","1,2","0,1795","2,13","4,4333","8114,4","172,6261"
54,ESTEARINA ANIMAL MATER 53 EF,2,"0,85","1,1765","0,8","2,3529","3490,2","27,9138"
37,LESTAROX-F - NOMANOX P,"1,5","1,33","0,7519","0,6","1,1278","8265,6","49,5797"
53,AZUFRE,2,"2,07","0,4831","0,8","0,9662","2154,6","17,232"
3,MBT-S  - VULKACIT DM,"1,07","1,5","0,6667","0,43","0,7133","6249,6","26,7408"
4,TMTD - VULKACIT THIURAM/C,"0,15","1,4","0,7143","0,06","0,1071","4813,2","2,8871"
36,VULKANOX 4020    6PPD,"1,5","0,99","1,0101","0,6","1,5152",13041,"78,2241"
14,VULKALENT G,"0,53","1,3","0,7692","0,21","0,4077","19857,6","42,0863"
29,DIOCTIL FTALATO   KALFLEX 10 (DOP),23,"0,98","1,0204","9,2","23,4694","3844,2857","353,5753"
,,,,,,,,
,,,,,,,,
AN 116/12,Acrilo para prensa,DUREZA:,60,,,,,
41,OXIDO DE ZINC SELLO BLANCO  (SELLO DORADO),"5,32","1,2","0,1795","2,23","4,4333","8114,4","180,9701"
54,ESTEARINA ANIMAL MATER 53 EF,2,"0,85","1,1765","0,84","2,3529","3490,2","29,263"
37,LESTAROX-F - NOMANOX P,"1,5","1,33","0,7519","0,63","1,1278","8265,6","51,9762"
53,AZUFRE,2,"2,07","0,4831","0,84","0,9662","2154,6","18,0649"
3,MBT-S  - VULKACIT DM,"1,07","1,5","0,6667","0,45","0,7133","6249,6","28,0333"
4,TMTD - VULKACIT THIURAM/C,"0,15","1,4","0,7143","0,06","0,1071","4813,2","3,0267"
36,VULKANOX 4020    6PPD,"1,5","0,99","1,0101","0,63","1,5152",13041,"82,0051"
2,MBT - VULKACIT MERKAPTO/C,2,"1,5","0,6667","0,84","1,3333",4977,"41,7289"
29,DIOCTIL FTALATO   KALFLEX 10 (DOP),10,"0,98","1,0204","4,19","10,2041","3844,2857","161,159"
244,ACRILO 3,213,"1,34","0,7463","89,29","158,9619",10206,"9113,264"
,"1/11/24, se saco acrilo 1, y se agrego acrilo 3",,,,,,,
,,,,,,,,
AN 116/12A,Acrilo para prensa Gustavo Rinaldi,DUREZA:,65,,,,,
74,ACRILO 1,213,"1,2","0,8333","85,02","177,5",10080,"8569,6496"
41,OXIDO DE ZINC SELLO BLANCO  (SELLO DORADO),"5,32","1,2","0,1795","2,12","4,4333","8114,4","172,3023"
54,ESTEARINA ANIMAL MATER 53 EF,1,"0,85","1,1765","0,4","1,1765","3490,2","13,9307"
37,LESTAROX-F - NOMANOX P,"0,5","1,33","0,7519","0,2","0,3759","8265,6","16,4956"
53,AZUFRE,2,"2,07","0,4831","0,8","0,9662","2154,6","17,1996"
3,MBT-S  - VULKACIT DM,"1,07","1,5","0,6667","0,43","0,7133","6249,6","26,6906"
4,TMTD - VULKACIT THIURAM/C,"0,15","1,4","0,7143","0,06","0,1071","4813,2","2,8817"
36,VULKANOX 4020    6PPD,"0,5","0,99","1,0101","0,2","0,5051",13041,"26,0258"
2,MBT - VULKACIT MERKAPTO/C,2,"1,5","0,6667","0,8","1,3333",4977,"39,7302"
29,DIOCTIL FTALATO   KALFLEX 10 (DOP),25,"0,98","1,0204","9,98","25,5102","3844,2857","383,6"
,,,,,,,,
,,,,,,,,
AN 116/12B,Acrilo para prensa Politecnico,DUREZA:,60,,,,,
74,ACRILO 1,213,"1,2","0,8333","83,54","177,5",10080,"8420,7554"
41,OXIDO DE ZINC SELLO BLANCO  (SELLO DORADO),"5,32","1,2","0,1795","2,09","4,4333","8114,4","169,3086"
54,ESTEARINA ANIMAL MATER 53 EF,2,"0,85","1,1765","0,78","2,3529","3490,2","27,3773"
37,LESTAROX-F - NOMANOX P,"1,5","1,33","0,7519","0,59","1,1278","8265,6","48,6269"
53,AZUFRE,2,"2,07","0,4831","0,78","0,9662","2154,6","16,9008"
4,TMTD - VULKACIT THIURAM/C,"0,15","1,4","0,7143","0,06","0,1071","4813,2","2,8316"
36,VULKANOX 4020    6PPD,"1,5","0,99","1,0101","0,59","1,5152",13041,"76,7208"
2,MBT - VULKACIT MERKAPTO/C,2,"1,5","0,6667","0,78","1,3333",4977,"39,0399"
29,DIOCTIL FTALATO   KALFLEX 10 (DOP),25,"0,98","1,0204","9,81","25,5102","3844,2857","376,9351"
7,"CBS - VULKACIT CZ/EG-C
","2,5","1,25","0,8","0,98",2,5355,"52,5062"
,,,,,,,,
,,,,,,,,
AN 116/13,Acrilo para tubo de nafta Túnel,DUREZA:,60,,,,,
244,ACRILO 3,"144,4","1,34","0,7463","53,88","107,7612",10206,"5499,2589"
47,ACRILO CJLT,"28,8",1,1,"10,75","28,8","5493,6","590,379"
16,CARBONATO DE CALCIO PREC.GEOQUIMICA IND,55,"2,7","0,3704","20,52","20,3704","844,2","173,2565"
29,DIOCTIL FTALATO   KALFLEX 10 (DOP),16,"0,98","1,0204","5,97","16,3265","3844,2857","229,5182"
41,OXIDO DE ZINC SELLO BLANCO  (SELLO DORADO),"5,32","1,2","0,8333","1,99","4,4333","8114,4","161,0829"
54,ESTEARINA ANIMAL MATER 53 EF,2,"0,85","1,1765","0,75","2,3529","3490,2","26,0472"
53,AZUFRE,2,"2,07","0,4831","0,75","0,9662","2154,6","16,0797"
3,MBT-S  - VULKACIT DM,"1,07","1,5","0,6667","0,4","0,7133","6249,6","24,9527"
4,TMTD - VULKACIT THIURAM/C,"0,15","1,4","0,7143","0,06","0,1071","4813,2","2,6941"
37,LESTAROX-F - NOMANOX P,"1,5","1,33","0,7519","0,56","1,1278","8265,6","46,2644"
36,VULKANOX 4020    6PPD,"1,5","0,99","1,0101","0,56","1,5152",13041,"72,9934"
14,VULKALENT G,"0,25","1,3","0,7692","0,09","0,1923","19857,6","18,5246"
57,DISECANTE RS - KEZADOL GR,10,2,"0,5","3,73",5,"3540,6","132,1169"
,06/05/2020 - Nueva revisión de formula.,,,,,,,
,,,,,,,,
AN 116/13 Rev.1,Acrilo para tubo de nafta Túnel,DUREZA:,60,,,,,
74,ACRILO 1,213,"1,2","0,8333","89,58","177,5",10080,"9029,9028"
41,OXIDO DE ZINC SELLO BLANCO  (SELLO DORADO),"5,32","1,2","0,1795","2,24","4,4333","8114,4","181,5562"
54,ESTEARINA ANIMAL MATER 53 EF,2,"0,85","1,1765","0,84","2,3529","3490,2","29,3578"
37,LESTAROX-F - NOMANOX P,"1,5","1,33","0,7519","0,63","1,1278","8265,6","52,1445"
53,AZUFRE,2,"2,07","0,4831","0,84","0,9662","2154,6","18,1234"
3,MBT-S  - VULKACIT DM,"1,07","1,5","0,6667","0,45","0,7133","6249,6","28,1241"
4,TMTD - VULKACIT THIURAM/C,"0,15","1,4","0,7143","0,06","0,1071","4813,2","3,0365"
36,VULKANOX 4020    6PPD,"1,5","0,99","1,0101","0,63","1,5152",13041,"82,2707"
14,VULKALENT G,"0,53","1,3","0,7692","0,22","0,4077","19857,6","44,2635"
57,DISECANTE RS - KEZADOL GR,10,2,"0,5","4,21",5,"3540,6","148,9086"
5,DBDT-Z - DIBUTIL DTZ,"0,7","1,4","0,7143","0,29","0,5","11554,2","34,0158"
,,,,,,,,
,,,,,,,,
AN 116/14,Acrilo para tubo de nafta,DUREZA:,75,,,,,
244,ACRILO 3,200,"1,34","0,7463","66,81","149,2537",10206,"6819,0018"
16,CARBONATO DE CALCIO PREC.GEOQUIMICA IND,60,"2,7","0,3704","20,04","22,2222","844,2","169,2123"
29,DIOCTIL FTALATO   KALFLEX 10 (DOP),15,"0,98","1,0204","5,01","15,3061","3844,2857","192,6381"
57,DISECANTE RS - KEZADOL GR,10,2,"0,5","3,34",5,"3540,6","118,2802"
41,OXIDO DE ZINC SELLO BLANCO  (SELLO DORADO),"5,32","1,2","0,8333","1,78","4,4333","8114,4","144,2126"
54,ESTEARINA ANIMAL MATER 53 EF,2,"0,85","1,1765","0,67","2,3529","3490,2","23,3193"
37,LESTAROX-F - NOMANOX P,"1,5","1,33","0,7519","0,5","1,1278","8265,6","41,4191"
53,AZUFRE,2,"2,07","0,4831","0,67","0,9662","2154,6","14,3957"
3,MBT-S  - VULKACIT DM,"1,07","1,5","0,6667","0,36","0,7133","6249,6","22,3394"
4,TMTD - VULKACIT THIURAM/C,"0,15","1,4","0,7143","0,05","0,1071","4813,2","2,4119"
36,VULKANOX 4020    6PPD,"1,5","0,99","1,0101","0,5","1,5152",13041,"65,3488"
6,SULFADS-RHENOGRAN DTDM-80,"0,8","1,4","0,7143","0,27","0,5714","15321,6","40,9477"
,28/07/20 - Nueva Formula con el acrilo 3,,,,,,,
,,,,,,,,
AN 116/14 Rev. 1,Acrilo para tubo de nafta,DUREZA:,75,,,,,
74,ACRILO 1,213,"1,2","0,8333","89,1","177,5",10080,"8980,8006"
41,OXIDO DE ZINC SELLO BLANCO  (SELLO DORADO),"5,32","1,2","0,1795","2,23","4,4333","8114,4","180,5689"
54,ESTEARINA ANIMAL MATER 53 EF,2,"0,85","1,1765","0,84","2,3529","3490,2","29,1981"
37,LESTAROX-F - NOMANOX P,"1,5","1,33","0,7519","0,63","1,1278","8265,6","51,861"
53,AZUFRE,2,"2,07","0,4831","0,84","0,9662","2154,6","18,0248"
3,MBT-S  - VULKACIT DM,"1,07","1,5","0,6667","0,45","0,7133","6249,6","27,9712"
4,TMTD - VULKACIT THIURAM/C,"0,15","1,4","0,7143","0,06","0,1071","4813,2","3,02"
36,VULKANOX 4020    6PPD,"1,5","0,99","1,0101","0,63","1,5152",13041,"81,8233"
14,VULKALENT G,"0,53","1,3","0,7692","0,22","0,4077","19857,6","44,0228"
38,NEGRO DE HUMO FEF N 550,10,"1,8","0,5556","4,18","5,5556","2507,4","104,8814"
2,MBT - VULKACIT MERKAPTO/C,2,"1,5","0,6667","0,84","1,3333",4977,"41,6363"
,,,,,,,,
,,,,,,,,
AN 116/15,Acrilo para prensa,DUREZA:,55,,,,,
74,ACRILO 1,213,"1,2","0,8333","87,46","177,5",10080,"8815,9645"
41,OXIDO DE ZINC SELLO BLANCO  (SELLO DORADO),"5,32","1,2","0,1795","2,18","4,4333","8114,4","177,2547"
54,ESTEARINA ANIMAL MATER 53 EF,2,"0,85","1,1765","0,82","2,3529","3490,2","28,6622"
37,LESTAROX-F - NOMANOX P,"1,5","1,33","0,7519","0,62","1,1278","8265,6","50,9091"
53,AZUFRE,2,"2,07","0,4831","0,82","0,9662","2154,6","17,694"
3,MBT-S  - VULKACIT DM,"1,07","1,5","0,6667","0,44","0,7133","6249,6","27,4578"
4,TMTD - VULKACIT THIURAM/C,"0,15","1,4","0,7143","0,06","0,1071","4813,2","2,9645"
36,VULKANOX 4020    6PPD,"1,5","0,99","1,0101","0,62","1,5152",13041,"80,3215"
2,MBT - VULKACIT MERKAPTO/C,2,"1,5","0,6667","0,82","1,3333",4977,"40,8721"
29,DIOCTIL FTALATO   KALFLEX 10 (DOP),15,"0,98","1,0204","6,16","15,3061","3844,2857","236,7754"
,,,,,,,,
,,,,,,,,
AN 116/16,TUBO NAFTA ACRILO,DUREZA:,50,,,,,
244,ACRILO 3,100,"1,34","0,7463","46,96","74,6269",10206,"4792,6743"
47,ACRILO CJLT,50,1,1,"23,48",50,"5493,6","1289,8803"
16,CARBONATO DE CALCIO PREC.GEOQUIMICA IND,30,"2,7","0,3704","14,09","11,1111","844,2","118,9293"
29,DIOCTIL FTALATO   KALFLEX 10 (DOP),22,"0,98","1,0204","10,33","22,449","3844,2857","397,1556"
41,OXIDO DE ZINC SELLO BLANCO  (SELLO DORADO),2,"1,2","0,8333","0,94","1,6667","8114,4","76,2094"
53,AZUFRE,2,"2,07","0,4831","0,94","0,9662","2154,6","20,2357"
7,"CBS - VULKACIT CZ/EG-C
","1,8","1,25","0,8","0,85","1,44",5355,"45,2641"
4,TMTD - VULKACIT THIURAM/C,"0,15","1,4","0,7143","0,07","0,1071","4813,2","3,3904"
37,LESTAROX-F - NOMANOX P,2,"1,33","0,7519","0,94","1,5038","8265,6","77,6295"
212,STRUKTOL EF 44,1,1,1,"0,47",1,"12196,8","57,2754"
123,STRUKTOL WB 222,1,"0,95","1,0526","0,47","1,0526",11340,"53,2519"
2,MBT - VULKACIT MERKAPTO/C,1,"1,5","0,6667","0,47","0,6667",4977,"23,3717"
,,,,,,,,
,,,,,,,,
AN 116/2,Acrilo para prensa,DUREZA:,70,,,,,
74,ACRILO 1,213,"1,2","0,8333","80,05","177,5",10080,"9372,8555"
41,OXIDO DE ZINC SELLO BLANCO  (SELLO DORADO),"5,32","1,2","0,1795",2,"4,4333","8114,4","188,4516"
54,ESTEARINA ANIMAL MATER 53 EF,2,"0,85","1,1765","0,75","2,3529","3490,2","30,4728"
37,LESTAROX-F - NOMANOX P,"1,5","1,33","0,7519","0,56","1,1278","8265,6","54,1249"
53,AZUFRE,2,"2,07","0,4831","0,75","0,9662","2154,6","18,8117"
3,MBT-S  - VULKACIT DM,"1,07","1,5","0,6667","0,4","0,7133","6249,6","29,1923"
4,TMTD - VULKACIT THIURAM/C,"0,15","1,4","0,7143","0,06","0,1071","4813,2","3,1518"
36,VULKANOX 4020    6PPD,"1,5","0,99","1,0101","0,56","1,5152",13041,"85,3953"
14,VULKALENT G,"0,53","1,3","0,7692","0,2","0,4077","19857,6","45,9446"
2,MBT - VULKACIT MERKAPTO/C,2,"1,5","0,6667","0,75","1,3333",4977,"43,454"
,,,,,,,,
,,,,,,,,
AN 116/3,Acrilo para tubo de nafta ,DUREZA:,80,,,,,
244,ACRILO 3,200,"1,34","0,7463","84,47","149,2537",10206,"8621,0246"
16,CARBONATO DE CALCIO PREC.GEOQUIMICA IND,20,"2,7","0,3704","8,45","7,4074","844,2","71,3097"
41,OXIDO DE ZINC SELLO BLANCO  (SELLO DORADO),"5,32","1,2","0,8333","2,25","4,4333","8114,4","182,323"
54,ESTEARINA ANIMAL MATER 53 EF,2,"0,85","1,1765","0,84","2,3529","3490,2","29,4818"
37,LESTAROX-F - NOMANOX P,"1,5","1,33","0,7519","0,63","1,1278","8265,6","52,3647"
53,AZUFRE,2,"2,07","0,4831","0,84","0,9662","2154,6","18,1999"
3,MBT-S  - VULKACIT DM,"1,07","1,5","0,6667","0,45","0,7133","6249,6","28,2429"
4,TMTD - VULKACIT THIURAM/C,"0,15","1,4","0,7143","0,06","0,1071","4813,2","3,0493"
36,VULKANOX 4020    6PPD,"1,5","0,99","1,0101","0,63","1,5152",13041,"82,6182"
14,VULKALENT G,"0,23","1,3","0,7692","0,1","0,1769","19857,6","19,2898"
212,STRUKTOL EF 44,"1,5",1,1,"0,63","1,5","12196,8","77,2699"
123,STRUKTOL WB 222,"1,5","0,95","1,0526","0,63","1,5789",11340,"71,8419"
,,,,,,,,
,,,,,,,,
AN 116/3 Rev.1,Acrilo para tubo de nafta modific 15/12/15,DUREZA:,80,,,,,
74,ACRILO 1,213,"1,2","0,8333","79,75","177,5",10080,"8039,2406"
41,OXIDO DE ZINC SELLO BLANCO  (SELLO DORADO),"5,32","1,2","0,1795","1,99","4,4333","8114,4","161,6378"
54,ESTEARINA ANIMAL MATER 53 EF,2,"0,85","1,1765","0,75","2,3529","3490,2","26,137"
37,LESTAROX-F - NOMANOX P,"1,5","1,33","0,7519","0,56","1,1278","8265,6","46,4238"
53,AZUFRE,2,"2,07","0,4831","0,75","0,9662","2154,6","16,1351"
3,MBT-S  - VULKACIT DM,"1,07","1,5","0,6667","0,4","0,7133","6249,6","25,0386"
4,TMTD - VULKACIT THIURAM/C,"0,15","1,4","0,7143","0,06","0,1071","4813,2","2,7033"
36,VULKANOX 4020    6PPD,"1,5","0,99","1,0101","0,56","1,5152",13041,"73,2448"
14,VULKALENT G,"0,53","1,3","0,7692","0,2","0,4077","19857,6","39,4074"
38,NEGRO DE HUMO FEF N 550,40,"1,8","0,5556","14,98","22,2222","2507,4","375,542"
,,,,,,,,
,,,,,,,,
AN 116/4,Acrilo para tubo de nafta,DUREZA:,82,,,,,
74,ACRILO 1,213,"1,2","0,8333","83,84","177,5",10080,"8450,5845"
41,OXIDO DE ZINC SELLO BLANCO  (SELLO DORADO),"5,32","1,2","0,1795","2,09","4,4333","8114,4","169,9083"
54,ESTEARINA ANIMAL MATER 53 EF,2,"0,85","1,1765","0,79","2,3529","3490,2","27,4743"
37,LESTAROX-F - NOMANOX P,"1,5","1,33","0,7519","0,59","1,1278","8265,6","48,7991"
53,AZUFRE,2,"2,07","0,4831","0,79","0,9662","2154,6","16,9607"
3,MBT-S  - VULKACIT DM,"1,07","1,5","0,6667","0,42","0,7133","6249,6","26,3198"
4,TMTD - VULKACIT THIURAM/C,"0,15","1,4","0,7143","0,06","0,1071","4813,2","2,8417"
36,VULKANOX 4020    6PPD,"1,5","0,99","1,0101","0,59","1,5152",13041,"76,9926"
14,VULKALENT G,"0,53","1,3","0,7692","0,21","0,4077","19857,6","41,4237"
38,NEGRO DE HUMO FEF N 550,27,"1,8","0,5556","10,63",15,"2507,4","266,4612"
,,,,,,,,
,,,,,,,,
AN 116/5,Acrilo para tubo de nafta,DUREZA:,85,,,,,
74,ACRILO 1,213,"1,2","0,8333","80,66","177,5",10080,"8130,5714"
41,OXIDO DE ZINC SELLO BLANCO  (SELLO DORADO),"5,32","1,2","0,1795","2,01","4,4333","8114,4","163,4741"
54,ESTEARINA ANIMAL MATER 53 EF,2,"0,85","1,1765","0,76","2,3529","3490,2","26,4339"
37,LESTAROX-F - NOMANOX P,"1,5","1,33","0,7519","0,57","1,1278","8265,6","46,9512"
53,AZUFRE,2,"2,07","0,4831","0,76","0,9662","2154,6","16,3184"
3,MBT-S  - VULKACIT DM,"1,07","1,5","0,6667","0,41","0,7133","6249,6","25,3231"
4,TMTD - VULKACIT THIURAM/C,"0,15","1,4","0,7143","0,06","0,1071","4813,2","2,734"
36,VULKANOX 4020    6PPD,"1,5","0,99","1,0101","0,57","1,5152",13041,"74,0769"
14,VULKALENT G,"0,53","1,3","0,7692","0,2","0,4077","19857,6","39,8551"
38,NEGRO DE HUMO FEF N 550,37,"1,8","0,5556","14,01","20,5556","2507,4","351,3228"
,,,,,,,,
,,,,,,,,
AN 116/6,Acrilo para tubo de nafta,DUREZA:,75,,,,,
74,ACRILO 1,213,"1,2","0,8333","89,1","177,5",10080,"9056,5656"
41,OXIDO DE ZINC SELLO BLANCO  (SELLO DORADO),"5,32","1,2","0,1795","2,23","4,4333","8114,4","182,0922"
54,ESTEARINA ANIMAL MATER 53 EF,2,"0,85","1,1765","0,84","2,3529","3490,2","29,4445"
37,LESTAROX-F - NOMANOX P,"1,5","1,33","0,7519","0,63","1,1278","8265,6","52,2985"
53,AZUFRE,2,"2,07","0,4831","0,84","0,9662","2154,6","18,1769"
3,MBT-S  - VULKACIT DM,"1,07","1,5","0,6667","0,45","0,7133","6249,6","28,2072"
4,TMTD - VULKACIT THIURAM/C,"0,15","1,4","0,7143","0,06","0,1071","4813,2","3,0454"
36,VULKANOX 4020    6PPD,"1,5","0,99","1,0101","0,63","1,5152",13041,"82,5136"
14,VULKALENT G,"0,53","1,3","0,7692","0,22","0,4077","19857,6","44,3942"
38,NEGRO DE HUMO FEF N 550,10,"1,8","0,5556","4,18","5,5556","2507,4","105,7662"
,,,,,,,,
,,,,,,,,
AN 116/7,ACRILO TÚNEL,DUREZA:,70,,,,,
244,ACRILO 3,184,"1,34","0,7463","68,37","137,3134",10206,"6977,4244"
47,ACRILO CJLT,4,1,1,"1,49",4,"5493,6","81,6467"
16,CARBONATO DE CALCIO PREC.GEOQUIMICA IND,40,"2,7","0,3704","14,86","14,8148","844,2","125,4663"
29,DIOCTIL FTALATO   KALFLEX 10 (DOP),15,"0,98","1,0204","5,57","15,3061","3844,2857","214,2539"
41,OXIDO DE ZINC SELLO BLANCO  (SELLO DORADO),"5,32","1,2","0,8333","1,98","4,4333","8114,4","160,3946"
54,ESTEARINA ANIMAL MATER 53 EF,2,"0,85","1,1765","0,74","2,3529","3490,2","25,9359"
53,AZUFRE,2,"2,07","0,4831","0,74","0,9662","2154,6","16,011"
3,MBT-S  - VULKACIT DM,"1,07","1,5","0,6667","0,4","0,7133","6249,6","24,8461"
4,TMTD - VULKACIT THIURAM/C,"0,45","1,4","0,7143","0,17","0,3214","4813,2","8,0476"
6,SULFADS-RHENOGRAN DTDM-80,"0,3","1,4","0,7143","0,11","0,2143","15321,6","17,0784"
37,LESTAROX-F - NOMANOX P,"1,5","1,33","0,7519","0,56","1,1278","8265,6","46,0667"
36,VULKANOX 4020    6PPD,"1,5","0,99","1,0101","0,56","1,5152",13041,"72,6815"
57,DISECANTE RS - KEZADOL GR,12,2,"0,5","4,46",6,"3540,6","157,8628"
,"20/02/2020 - Nueva formula con acrilo 3, para que no genere burbujas en el trafilado. ",,,,,,,
,,,,,,,,
AN 116/7 Rev. 2,ACRILO TUNEL,DUREZA:,70,,,,,
75,ACRILO 2,"177,5","1,2","0,8333","43,44","147,9167",10080,"4378,426"
16,CARBONATO DE CALCIO PREC.GEOQUIMICA IND,175,"2,7","0,3704","42,82","64,8148","844,2","361,5285"
29,DIOCTIL FTALATO   KALFLEX 10 (DOP),30,"0,98","1,0204","7,34","30,6122","3844,2857","282,2254"
41,OXIDO DE ZINC SELLO BLANCO  (SELLO DORADO),"5,32","1,2","0,8333","1,3","4,4333","8114,4","105,6397"
54,ESTEARINA ANIMAL MATER 53 EF,2,"0,85","1,1765","0,49","2,3529","3490,2","17,082"
53,AZUFRE,2,"2,07","0,4831","0,49","0,9662","2154,6","10,5452"
3,MBT-S  - VULKACIT DM,"1,07","1,5","0,6667","0,26","0,7133","6249,6","16,3642"
6,SULFADS-RHENOGRAN DTDM-80,"0,3","1,4","0,7143","0,07","0,2143","15321,6","11,2482"
4,TMTD - VULKACIT THIURAM/C,"0,45","1,4","0,7143","0,11","0,3214","4813,2","5,3004"
37,LESTAROX-F - NOMANOX P,"1,5","1,33","0,7519","0,37","1,1278","8265,6","30,3406"
36,VULKANOX 4020    6PPD,"1,5","0,99","1,0101","0,37","1,5152",13041,"47,8698"
57,DISECANTE RS - KEZADOL GR,12,2,"0,5","2,94",6,"3540,6","103,9722"
,"05/02/2020 - Nueva formula con acrilo 2, para que no genere burbujas en el trafilado. ",,,,,,,
,,,,,,,,
AN 116/7 REV.1,Acrilo para túnel,DUREZA:,70,,,,,
74,ACRILO 1,213,"1,2","0,8333","86,11","177,5",10080,"8679,468"
41,OXIDO DE ZINC SELLO BLANCO  (SELLO DORADO),"5,32","1,2","0,1795","2,15","4,4333","8114,4","174,5103"
54,ESTEARINA ANIMAL MATER 53 EF,2,"0,85","1,1765","0,81","2,3529","3490,2","28,2185"
37,LESTAROX-F - NOMANOX P,"1,5","1,33","0,7519","0,61","1,1278","8265,6","50,1209"
53,AZUFRE,2,"2,07","0,4831","0,81","0,9662","2154,6","17,4201"
3,MBT-S  - VULKACIT DM,"1,07","1,5","0,6667","0,43","0,7133","6249,6","27,0327"
4,TMTD - VULKACIT THIURAM/C,"0,45","1,4","0,7143","0,18","0,3214","4813,2","8,7559"
36,VULKANOX 4020    6PPD,"1,5","0,99","1,0101","0,61","1,5152",13041,"79,0779"
14,VULKALENT G,"0,53","1,3","0,7692","0,21","0,4077","19857,6","42,5457"
16,CARBONATO DE CALCIO PREC.GEOQUIMICA IND,8,"2,7","0,3704","3,23","2,963","844,2","27,3016"
57,DISECANTE RS - KEZADOL GR,12,2,"0,5","4,85",6,"3540,6","171,7557"
,,,,,,,,
,,,,,,,,
AN 116/8,Acrilo,DUREZA:,85,,,,,
244,ACRILO 3,200,"1,34","0,7463","86,36","149,2537",10206,"8813,4715"
41,OXIDO DE ZINC SELLO BLANCO  (SELLO DORADO),5,"1,2","0,8333","2,16","4,1667","8114,4","175,1813"
54,ESTEARINA ANIMAL MATER 53 EF,2,"0,85","1,1765","0,86","2,3529","3490,2","30,1399"
53,AZUFRE,"1,8","2,07","0,4831","0,78","0,8696","2154,6","16,7456"
7,"CBS - VULKACIT CZ/EG-C
","1,2","1,25","0,8","0,52","0,96",5355,"27,7461"
4,TMTD - VULKACIT THIURAM/C,"0,1","1,4","0,7143","0,04","0,0714","4813,2","2,0782"
36,VULKANOX 4020    6PPD,"1,5","0,99","1,0101","0,65","1,5152",13041,"84,4624"
16,CARBONATO DE CALCIO PREC.GEOQUIMICA IND,20,"2,7","0,3704","8,64","7,4074","844,2","72,9016"
,,,,,,,,
,,,,,,,,
AN 116/8 Rev.1,Acrilo,DUREZA:,85,,,,,
74,ACRILO 1,"181,05","1,2","0,8333","74,92","150,875",10080,"7552,1788"
38,NEGRO DE HUMO FEF N 550,35,"1,8","0,5556","14,48","19,4444","2507,4","363,1657"
41,OXIDO DE ZINC SELLO BLANCO  (SELLO DORADO),5,"1,2","0,1795","2,07","4,1667","8114,4","167,8957"
54,ESTEARINA ANIMAL MATER 53 EF,2,"0,85","1,1765","0,83","2,3529","3490,2","28,8864"
53,AZUFRE,"1,8","2,07","0,4831","0,74","0,8696","2154,6","16,0492"
7,"CBS - VULKACIT CZ/EG-C
","1,2","1,25","0,8","0,5","0,96",5355,"26,5922"
4,TMTD - VULKACIT THIURAM/C,"0,1","1,4","0,7143","0,04","0,0714","4813,2","1,9918"
14,VULKALENT G,"0,5","1,3","0,7692","0,21","0,3846","19857,6","41,0875"
36,VULKANOX 4020    6PPD,15,"0,99","1,0101","6,21","15,1515",13041,"809,4972"
,,,,,,,,
,,,,,,,,
AN 116/9,Acrilo para prensa,DUREZA:,80,,,,,
74,ACRILO 1,213,"1,2","0,8333","86,56","177,5",10080,"8725,3221"
41,OXIDO DE ZINC SELLO BLANCO  (SELLO DORADO),"5,32","1,2","0,1795","2,16","4,4333","8114,4","175,4322"
54,ESTEARINA ANIMAL MATER 53 EF,2,"0,85","1,1765","0,81","2,3529","3490,2","28,3675"
37,LESTAROX-F - NOMANOX P,"1,5","1,33","0,7519","0,61","1,1278","8265,6","50,3857"
53,AZUFRE,2,"2,07","0,4831","0,81","0,9662","2154,6","17,5121"
3,MBT-S  - VULKACIT DM,"1,07","1,5","0,6667","0,43","0,7133","6249,6","27,1755"
4,TMTD - VULKACIT THIURAM/C,"0,15","1,4","0,7143","0,06","0,1071","4813,2","2,934"
36,VULKANOX 4020    6PPD,"1,5","0,99","1,0101","0,61","1,5152",13041,"79,4957"
14,VULKALENT G,"0,53","1,3","0,7692","0,22","0,4077","19857,6","42,7705"
38,NEGRO DE HUMO FEF N 550,17,"1,8","0,5556","6,91","9,4444","2507,4","173,2263"
2,MBT - VULKACIT MERKAPTO/C,2,"1,5","0,6667","0,81","1,3333",4977,"40,4519"
,,,,,,,,
,,,,,,,,
AN 117/1,Resistencia Electrica. Cot. N°22,DUREZA:,70,,,,,
47,ACRILO CJLT,100,1,1,"42,19",100,"5493,6","2317,4858"
15,ZEOSIL 185 GRANULAR SILICE,10,2,"0,5","4,22",5,2709,"114,2797"
16,CARBONATO DE CALCIO PREC.GEOQUIMICA IND,85,"2,7","0,3704","35,86","31,4815","844,2","302,7083"
29,DIOCTIL FTALATO   KALFLEX 10 (DOP),28,"0,98","1,0204","11,81","28,5714","3844,2857","454,0814"
38,NEGRO DE HUMO FEF N 550,"0,8","1,8","0,5556","0,34","0,4444","2507,4","8,462"
33,POLIETILENGLICOL ULTRAPEG 4000 F USP,1,"1,5","0,6667","0,42","0,6667",5796,"24,4505"
37,LESTAROX-F - NOMANOX P,2,"1,33","0,7519","0,84","1,5038","8265,6","69,7372"
41,OXIDO DE ZINC SELLO BLANCO  (SELLO DORADO),5,"1,2","0,8333","2,11","4,1667","8114,4","171,1538"
54,ESTEARINA ANIMAL MATER 53 EF,2,"0,85","1,1765","0,84","2,3529","3490,2","29,447"
53,AZUFRE,2,"2,07","0,4831","0,84","0,9662","2154,6","18,1784"
3,MBT-S  - VULKACIT DM,"1,1","1,5","0,6667","0,46","0,7333","6249,6","29,0005"
4,TMTD - VULKACIT THIURAM/C,"0,15","1,4","0,7143","0,06","0,1071","4813,2","3,0457"
,,,,,,,,
,,,,,,,,
AN 118/1,ACRILO RESISTENTE A ACEITES,DUREZA:,70,,,,,
244,ACRILO 3,134,"1,34","0,7463","59,11",100,10206,"6032,6599"
47,ACRILO CJLT,33,1,1,"14,56",33,"5493,6","799,6859"
40,THERMAX FEF N 990,20,"1,8","0,5556","8,82","11,1111",5859,"516,8946"
249,KALFLEX 17 DBP,16,"0,98","0,1869","7,06","2,9904","7495,7143","529,0314"
41,OXIDO DE ZINC SELLO BLANCO  (SELLO DORADO),7,"1,2","0,8333","3,09","5,8333","8114,4","250,5549"
54,ESTEARINA ANIMAL MATER 53 EF,3,"0,85","1,1765","1,32","3,5294","3490,2","46,187"
123,STRUKTOL WB 222,"1,5","0,95","1,0526","0,66","1,5789",11340,"75,0331"
212,STRUKTOL EF 44,"1,5",1,1,"0,66","1,5","12196,8","80,7022"
37,LESTAROX-F - NOMANOX P,1,"1,33","0,7519","0,44","0,7519","8265,6","36,4605"
36,VULKANOX 4020    6PPD,1,"0,99","1,0101","0,44","1,0101",13041,"57,5254"
32,CERA MICROCRISTALINA - ANTILUX 654,1,"0,9","1,1111","0,44","1,1111","8580,6","37,85"
6,SULFADS-RHENOGRAN DTDM-80,"1,5","1,4","0,7143","0,66","1,0714","15321,6","101,378"
53,AZUFRE,"0,7","2,07","0,4831","0,31","0,3382","2154,6","6,6529"
7,"CBS - VULKACIT CZ/EG-C
","1,8","1,25","0,8","0,79","1,44",5355,"42,5187"
4,TMTD - VULKACIT THIURAM/C,"1,9","1,4","0,7143","0,84","1,3571","4813,2","40,34"
57,DISECANTE RS - KEZADOL GR,0,2,"0,5",0,0,"3540,6",0
3,MBT-S  - VULKACIT DM,"1,8","1,5","0,6667","0,79","1,2","6249,6","49,6219"
,"23/08/22 - Se ajusta formulación: + 5 phr N990; + 2 phr aceite; +0.3 phr DTDM; -0,1 PHR AZUFRE",,,,,,,
,,,,,,,,
AN 118/1 Rev.1,ACRILO RESISTENTE A ACEITES,DUREZA:,70,,,,,
47,ACRILO CJLT,100,1,1,"46,19",100,"5493,6","2537,4596"
38,NEGRO DE HUMO FEF N 550,65,"1,8","0,5556","30,02","36,1111","2507,4","752,7991"
40,THERMAX FEF N 990,15,"1,8","0,5556","6,93","8,3333",5859,"405,9353"
249,KALFLEX 17 DBP,8,"0,98","0,1869","3,7","8,1633","7495,7143","276,9779"
41,OXIDO DE ZINC SELLO BLANCO  (SELLO DORADO),5,"1,2","0,8333","2,31","4,1667","8114,4","187,3995"
54,ESTEARINA ANIMAL MATER 53 EF,"1,5","0,85","1,1765","0,69","1,7647","3490,2","24,1815"
123,STRUKTOL WB 222,2,"0,95","1,0526","0,92","2,1053",11340,"104,7575"
212,STRUKTOL EF 44,2,1,1,"0,92",2,"12196,8","112,6725"
37,LESTAROX-F - NOMANOX P,"2,5","1,33","0,7519","1,15","1,8797","8265,6","95,4457"
36,VULKANOX 4020    6PPD,"2,5","0,99","1,0101","1,15","2,5253",13041,"150,5889"
32,CERA MICROCRISTALINA - ANTILUX 654,2,"0,9","1,1111","0,92","2,2222","8580,6","79,2665"
6,SULFADS-RHENOGRAN DTDM-80,1,"1,4","0,7143","0,46","0,7143","15321,6","70,7695"
53,AZUFRE,"0,7","2,07","0,4831","0,32","0,3382","2154,6","6,9664"
7,"CBS - VULKACIT CZ/EG-C
","1,5","1,25","0,8","0,69","1,2",5355,"37,1016"
4,TMTD - VULKACIT THIURAM/C,"1,8","1,4","0,7143","0,83","1,2857","4813,2","40,0174"
57,DISECANTE RS - KEZADOL GR,6,2,"0,5","2,77",3,"3540,6","98,1229"
,,,,,,,,
,,,,,,,,
AN 118/3,ACRILO RESISTENTE A ACEITES,DUREZA:,70,,,,,
244,ACRILO 3,144,"1,34","0,7463","63,67","107,4627",10206,"6498,6248"
47,ACRILO CJLT,28,1,1,"12,38",28,"5493,6","680,1716"
40,THERMAX FEF N 990,20,"1,8","0,5556","8,84","11,1111",5859,"518,1517"
249,KALFLEX 17 DBP,12,"0,98","0,1869","5,31","2,2428","7495,7143","397,7385"
41,OXIDO DE ZINC SELLO BLANCO  (SELLO DORADO),7,"1,2","0,8333","3,1","5,8333","8114,4","251,1643"
54,ESTEARINA ANIMAL MATER 53 EF,3,"0,85","1,1765","1,33","3,5294","3490,2","46,2994"
123,STRUKTOL WB 222,1,"0,95","1,0526","0,44","1,0526",11340,"50,1437"
212,STRUKTOL EF 44,1,1,1,"0,44",1,"12196,8","53,9323"
37,LESTAROX-F - NOMANOX P,1,"1,33","0,7519","0,44","0,7519","8265,6","36,5492"
36,VULKANOX 4020    6PPD,1,"0,99","1,0101","0,44","1,0101",13041,"57,6653"
32,CERA MICROCRISTALINA - ANTILUX 654,1,"0,9","1,1111","0,44","1,1111","8580,6","37,9421"
6,SULFADS-RHENOGRAN DTDM-80,"1,5","1,4","0,7143","0,66","1,0714","15321,6","101,6246"
53,AZUFRE,"0,8","2,07","0,4831","0,35","0,3865","2154,6","7,6218"
7,"CBS - VULKACIT CZ/EG-C
","1,6","1,25","0,8","0,71","1,28",5355,"37,8864"
4,TMTD - VULKACIT THIURAM/C,"1,9","1,4","0,7143","0,84","1,3571","4813,2","40,4381"
57,DISECANTE RS - KEZADOL GR,0,2,"0,5",0,0,"3540,6",0
3,MBT-S  - VULKACIT DM,"1,35","1,5","0,6667","0,6","0,9","6249,6","37,3069"
,"23/08/22 - Se ajusta formulación: + 5 phr N990; + 2 phr aceite; +0.3 phr DTDM; -0,1 PHR AZUFRE",,,,,,,
,,,,,,,,
AN 120/14,Acrilo Blanco Lacteos,DUREZA:,60,,,,,
47,ACRILO CJLT,100,1,1,"47,08",100,"5493,6","2586,4407"
16,CARBONATO DE CALCIO PREC.GEOQUIMICA IND,40,"2,7","0,3704","18,83","14,8148","844,2","158,9831"
15,ZEOSIL 185 GRANULAR SILICE,35,2,"0,5","16,48","17,5",2709,"446,3983"
29,DIOCTIL FTALATO   KALFLEX 10 (DOP),10,"0,98","1,0204","4,71","10,2041","3844,2857","180,9927"
41,OXIDO DE ZINC SELLO BLANCO  (SELLO DORADO),5,"1,2","0,1795","2,35","4,1667","8114,4","191,0169"
54,ESTEARINA ANIMAL MATER 53 EF,1,"0,85","1,1765","0,47","1,1765","3490,2","16,4322"
53,AZUFRE,"0,5","2,07","0,4831","0,24","0,2415","2154,6","5,072"
7,"CBS - VULKACIT CZ/EG-C
","1,5","1,25","0,8","0,71","1,2",5355,"37,8178"
4,TMTD - VULKACIT THIURAM/C,1,"1,4","0,7143","0,47","0,7143","4813,2","22,661"
37,LESTAROX-F - NOMANOX P,2,"1,33","0,7519","0,94","1,5038","8265,6","77,8305"
35,VULKANOX HS  TMQ,"0,5","0,85","1,1765","0,24","0,5882","4838,4","11,3898"
32,CERA MICROCRISTALINA - ANTILUX 654,"2,5","0,9","1,1111","1,18","2,7778","8580,6","100,9958"
14,VULKALENT G,"0,4","1,3","0,7692","0,19","0,3077","19857,6","37,3966"
33,POLIETILENGLICOL ULTRAPEG 4000 F USP,3,"1,5","0,6667","1,41",2,5796,"81,8644"
22,DIOXIDO DE TITANIO  TIONA,8,"3,16","0,2577","3,77","2,5316",4410,"166,1017"
31,EPSILUB,2,"0,9","1,1111","0,94","2,2222","8290,8","78,0678"
,,,,,,,,
,,,,,,,,
AN 120/4,Acrilo Blanco Lacteos,DUREZA:,60,,,,,
47,ACRILO CJLT,100,1,1,"41,64",100,"5493,6","2287,6655"
16,CARBONATO DE CALCIO PREC.GEOQUIMICA IND,100,"2,7","0,3704","41,64","37,037","844,2","351,5449"
29,DIOCTIL FTALATO   KALFLEX 10 (DOP),17,"0,98","1,0204","7,08","17,3469","3844,2857","272,1448"
41,OXIDO DE ZINC SELLO BLANCO  (SELLO DORADO),"5,83","1,2","0,1795","2,43","4,8583","8114,4","196,9974"
53,AZUFRE,"2,33","2,07","0,4831","0,97","1,1256","2154,6","20,9054"
4,TMTD - VULKACIT THIURAM/C,"0,16","1,4","0,7143","0,07","0,1143","4813,2","3,2069"
37,LESTAROX-F - NOMANOX P,"1,16","1,33","0,7519","0,48","0,8722","8265,6","39,9271"
22,DIOXIDO DE TITANIO  TIONA,10,"3,16","0,2577","4,16","3,1646",4410,"183,6429"
3,MBT-S  - VULKACIT DM,"1,16","1,5","0,6667","0,48","0,7733","6249,6","30,1888"
54,ESTEARINA ANIMAL MATER 53 EF,"2,5","0,85","1,1765","1,04","2,9412","3490,2","36,3351"
,,,,,,,,
,,,,,,,,
AN 120/5,Acrilo Blanco Lacteos,DUREZA:,70,,,,,
47,ACRILO CJLT,100,1,1,"44,03",100,"5493,6","2418,5965"
16,CARBONATO DE CALCIO PREC.GEOQUIMICA IND,100,"2,7","0,3704","44,03","37,037","844,2","371,6651"
29,DIOCTIL FTALATO   KALFLEX 10 (DOP),4,"0,98","1,0204","1,76","4,0816","3844,2857","67,699"
41,OXIDO DE ZINC SELLO BLANCO  (SELLO DORADO),"5,83","1,2","0,1795","2,57","4,8583","8114,4","208,2722"
53,AZUFRE,"2,33","2,07","0,4831","1,03","1,1256","2154,6","22,1019"
4,TMTD - VULKACIT THIURAM/C,"0,16","1,4","0,7143","0,07","0,1143","4813,2","3,3905"
37,LESTAROX-F - NOMANOX P,"1,16","1,33","0,7519","0,51","0,8722","8265,6","42,2123"
22,DIOXIDO DE TITANIO  TIONA,10,"3,16","0,2577","4,4","3,1646",4410,"194,1534"
3,MBT-S  - VULKACIT DM,"1,16","1,5","0,6667","0,51","0,7733","6249,6","31,9166"
54,ESTEARINA ANIMAL MATER 53 EF,"2,5","0,85","1,1765","1,1","2,9412","3490,2","38,4146"
,,,,,,,,
,,,,,,,,
AN 120/6,Acrilo Blanco Lacteos prensa,DUREZA:,60,,,,,
47,ACRILO CJLT,100,1,1,"41,3",100,"5493,6","2268,7701"
16,CARBONATO DE CALCIO PREC.GEOQUIMICA IND,100,"2,7","0,3704","41,3","37,037","844,2","348,6413"
29,DIOCTIL FTALATO   KALFLEX 10 (DOP),17,"0,98","1,0204","7,02","17,3469","3844,2857","269,897"
41,OXIDO DE ZINC SELLO BLANCO  (SELLO DORADO),"5,83","1,2","0,1795","2,41","4,8583","8114,4","195,3702"
53,AZUFRE,"2,33","2,07","0,4831","0,96","1,1256","2154,6","20,7327"
4,TMTD - VULKACIT THIURAM/C,"0,16","1,4","0,7143","0,07","0,1143","4813,2","3,1804"
37,LESTAROX-F - NOMANOX P,"1,16","1,33","0,7519","0,48","0,8722","8265,6","39,5973"
22,DIOXIDO DE TITANIO  TIONA,10,"3,16","0,2577","4,13","3,1646",4410,"182,126"
3,MBT-S  - VULKACIT DM,"1,16","1,5","0,6667","0,48","0,7733","6249,6","29,9394"
54,ESTEARINA ANIMAL MATER 53 EF,"2,5","0,85","1,1765","1,03","2,9412","3490,2","36,0349"
2,MBT - VULKACIT MERKAPTO/C,2,"1,5","0,6667","0,83","1,3333",4977,"41,1084"
,,,,,,,,
,,,,,,,,
AN 120/7,Acrilo Blanco Lacteos PRENSA,DUREZA:,70,,,,,
47,ACRILO CJLT,100,1,1,"46,16",100,"5493,6","2535,8198"
16,CARBONATO DE CALCIO PREC.GEOQUIMICA IND,90,"2,7","0,3704","41,54","33,3333","844,2","350,7109"
29,DIOCTIL FTALATO   KALFLEX 10 (DOP),0,"0,98","1,0204",0,0,"3844,2857",0
41,OXIDO DE ZINC SELLO BLANCO  (SELLO DORADO),"5,83","1,2","0,1795","2,69","4,8583","8114,4","218,3667"
53,AZUFRE,"2,33","2,07","0,4831","1,08","1,1256","2154,6","23,1731"
4,TMTD - VULKACIT THIURAM/C,"0,16","1,4","0,7143","0,07","0,1143","4813,2","3,5548"
37,LESTAROX-F - NOMANOX P,"1,16","1,33","0,7519","0,54","0,8722","8265,6","44,2582"
22,DIOXIDO DE TITANIO  TIONA,10,"3,16","0,2577","4,62","3,1646",4410,"203,5635"
3,MBT-S  - VULKACIT DM,"1,16","1,5","0,6667","0,54","0,7733","6249,6","33,4635"
54,ESTEARINA ANIMAL MATER 53 EF,"2,5","0,85","1,1765","1,15","2,9412","3490,2","40,2765"
2,MBT - VULKACIT MERKAPTO/C,2,"1,5","0,6667","0,92","1,3333",4977,"45,9472"
212,STRUKTOL EF 44,"1,5",1,1,"0,69","1,5","12196,8","84,4498"
,,,,,,,,
,,,,,,,,
AN 120/7 BIS,Acrilo Blanco,DUREZA:,70,,,,,
47,ACRILO CJLT,100,1,1,"44,38",100,"5493,6","2437,916"
16,CARBONATO DE CALCIO PREC.GEOQUIMICA IND,75,"2,7","0,3704","33,28","27,7778","844,2","280,9754"
15,ZEOSIL 185 GRANULAR SILICE,15,2,"0,5","6,66","7,5",2709,"180,3275"
29,DIOCTIL FTALATO   KALFLEX 10 (DOP),8,"0,98","1,0204","3,55","8,1633","3844,2857","136,4795"
41,OXIDO DE ZINC SELLO BLANCO  (SELLO DORADO),"5,83","1,2","0,8333","2,59","4,8583","8114,4","209,9359"
53,AZUFRE,"2,33","2,07","0,4831","1,03","1,1256","2154,6","22,2784"
4,TMTD - VULKACIT THIURAM/C,"0,16","1,4","0,7143","0,07","0,1143","4813,2","3,4176"
37,LESTAROX-F - NOMANOX P,"1,16","1,33","0,7519","0,51","0,8722","8265,6","42,5495"
22,DIOXIDO DE TITANIO  TIONA,10,"3,16","0,2577","4,44","3,1646",4410,"195,7043"
3,MBT-S  - VULKACIT DM,"1,16","1,5","0,6667","0,51","0,7733","6249,6","32,1715"
54,ESTEARINA ANIMAL MATER 53 EF,"2,5","0,85","1,1765","1,11","2,9412","3490,2","38,7215"
2,MBT - VULKACIT MERKAPTO/C,2,"1,5","0,6667","0,89","1,3333",4977,"44,1732"
123,STRUKTOL WB 222,"1,2","0,95","1,0526","0,53","1,2632",11340,"60,3887"
212,STRUKTOL EF 44,1,1,1,"0,44",1,"12196,8","54,1262"
,,,,,,,,
,,,,,,,,
AN 128/1,ACRILO EXTRUSION,DUREZA:,65,,,,,
74,ACRILO 1,"215,5","1,2","0,8333","82,55","179,5833",10080,"8321,4833"
16,CARBONATO DE CALCIO PREC.GEOQUIMICA IND,15,"2,7","0,3704","5,75","5,5556","844,2","48,5098"
29,DIOCTIL FTALATO   KALFLEX 10 (DOP),10,"0,98","1,0204","3,83","10,2041","3844,2857","147,2681"
41,OXIDO DE ZINC SELLO BLANCO  (SELLO DORADO),"6,08","1,2","0,8333","2,33","5,0667","8114,4","188,9961"
54,ESTEARINA ANIMAL MATER 53 EF,"1,82","0,85","1,1765","0,7","2,1412","3490,2","24,3341"
53,AZUFRE,"1,46","2,07","0,4831","0,56","0,7053","2154,6","12,0507"
7,"CBS - VULKACIT CZ/EG-C
","1,82","1,25","0,8","0,7","1,456",5355,"37,3357"
4,TMTD - VULKACIT THIURAM/C,"0,85","1,4","0,7143","0,33","0,6071","4813,2","15,6728"
14,VULKALENT G,"0,61","1,3","0,7692","0,23","0,4692","19857,6","46,4034"
32,CERA MICROCRISTALINA - ANTILUX 654,"3,04","0,9","1,1111","1,16","3,3778","8580,6","99,9273"
35,VULKANOX HS  TMQ,"2,43","0,85","1,1765","0,93","2,8588","4838,4","45,0403"
36,VULKANOX 4020    6PPD,"2,43","0,99","1,0101","0,93","2,4545",13041,"121,3976"
,,,,,,,,
,,,,,,,,
AN 128/16,Acrilo adhesión al metal PROPIEDADES DINAMICAS,DUREZA:,70,,,,,
47,ACRILO CJLT,100,1,1,"55,28",100,"5493,6","3036,8159"
38,NEGRO DE HUMO FEF N 550,60,"1,8","0,5556","33,17","33,3333","2507,4","831,6418"
29,DIOCTIL FTALATO   KALFLEX 10 (DOP),5,"0,98","1,0204","2,76","5,102","3844,2857","106,2544"
54,ESTEARINA ANIMAL MATER 53 EF,"1,5","0,85","1,1765","0,83","1,7647","3490,2","28,9403"
35,VULKANOX HS  TMQ,"1,5","0,85","1,1765","0,83","1,7647","4838,4","40,1194"
36,VULKANOX 4020    6PPD,2,"0,99","1,0101","1,11","2,0202",13041,"144,1791"
52,RESINA CUMARONA,"2,3","1,11","0,9009","1,27","2,0721","7484,4","95,1582"
41,OXIDO DE ZINC SELLO BLANCO  (SELLO DORADO),5,"1,2","0,1795","2,76","4,1667","8114,4","224,2786"
53,AZUFRE,2,"2,07","0,4831","1,11","0,9662","2154,6","23,8209"
7,"CBS - VULKACIT CZ/EG-C
",1,"1,25","0,8","0,55","0,8",5355,"29,602"
4,TMTD - VULKACIT THIURAM/C,"0,3","1,4","0,7143","0,17","0,2143","4813,2","7,9821"
14,VULKALENT G,"0,3","1,3","0,7692","0,17","0,2308","19857,6","32,9313"
,,,,,,,,
,,,,,,,,
AN 128/2,ACRILO SIN CARGA,DUREZA:,70,,,,,
244,ACRILO 3,184,"1,34","0,7463","64,31","137,3134",10206,"6563,8029"
47,ACRILO CJLT,4,1,1,"1,4",4,"5493,6","76,8067"
41,OXIDO DE ZINC SELLO BLANCO  (SELLO DORADO),5,"1,2","0,8333","1,75","4,1667","8114,4","141,8106"
54,ESTEARINA ANIMAL MATER 53 EF,"1,5","0,85","1,1765","0,52","1,7647","3490,2","18,2988"
53,AZUFRE,"1,2","2,07","0,4831","0,42","0,5797","2154,6","9,0371"
7,"CBS - VULKACIT CZ/EG-C
","1,5","1,25","0,8","0,52","1,2",5355,"28,0758"
4,TMTD - VULKACIT THIURAM/C,"0,7","1,4","0,7143","0,24","0,5","4813,2","11,7764"
37,LESTAROX-F - NOMANOX P,2,"1,33","0,7519","0,7","1,5038","8265,6","57,7812"
36,VULKANOX 4020    6PPD,2,"0,99","1,0101","0,7","2,0202",13041,"91,1639"
14,VULKALENT G,"0,2","1,3","0,7692","0,07","0,1538","19857,6","13,8816"
32,CERA MICROCRISTALINA - ANTILUX 654,"2,5","0,9","1,1111","0,87","2,7778","8580,6","74,979"
16,CARBONATO DE CALCIO PREC.GEOQUIMICA IND,60,"2,7","0,3704","20,97","22,2222","844,2","177,043"
29,DIOCTIL FTALATO   KALFLEX 10 (DOP),"12,5","0,98","1,0204","4,37","12,7551","3844,2857","167,9608"
212,STRUKTOL EF 44,"1,5",1,1,"0,52","1,5","12196,8","63,9469"
123,STRUKTOL WB 222,"1,5","0,95","1,0526","0,52","1,5789",11340,"59,4547"
57,DISECANTE RS - KEZADOL GR,6,2,"0,5","2,1",3,"3540,6","74,2524"
,,,,,,,,
,,,,,,,,
AN 128/2 A,Para Tadeo Czerweny,DUREZA:,70,,,,,
244,ACRILO 3,232,"1,34","0,7463","62,25","173,1343",10206,"6353,0775"
47,ACRILO CJLT,29,1,1,"7,78",29,"5493,6","427,4602"
41,OXIDO DE ZINC SELLO BLANCO  (SELLO DORADO),7,"1,2","0,8333","1,88","5,8333","8114,4","152,4035"
54,ESTEARINA ANIMAL MATER 53 EF,2,"0,85","1,1765","0,54","2,3529","3490,2","18,7293"
53,AZUFRE,"1,2","2,07","0,4831","0,32","0,5797","2154,6","6,9373"
7,"CBS - VULKACIT CZ/EG-C
","1,5","1,25","0,8","0,4","1,2",5355,"21,5522"
4,TMTD - VULKACIT THIURAM/C,1,"1,4","0,7143","0,27","0,7143","4813,2","12,9144"
37,LESTAROX-F - NOMANOX P,2,"1,33","0,7519","0,54","1,5038","8265,6","44,3552"
36,VULKANOX 4020    6PPD,2,"0,99","1,0101","0,54","2,0202",13041,"69,9812"
16,CARBONATO DE CALCIO PREC.GEOQUIMICA IND,69,"2,7","0,3704","18,51","25,5556","844,2","156,2914"
29,DIOCTIL FTALATO   KALFLEX 10 (DOP),20,"0,98","1,0204","5,37","20,4082","3844,2857","206,2938"
123,STRUKTOL WB 222,"2,5","0,95","1,0526","0,67","2,6315",11340,"76,0665"
212,STRUKTOL EF 44,"2,5",1,1,"0,67","2,5","12196,8","81,8138"
3,MBT-S  - VULKACIT DM,1,"1,5","0,6667","0,27","0,6667","6249,6","16,7684"
,5/9/23. Reformulación de AN 128/2 REV. 3 para autoclave.,,,,,,,
,,,,,,,,
AN 128/2 A CAUSER,ACRILO 3 EMPASTE CAUSER,DUREZA:,70,,,,,
