Buscar Materia Prima;;;;
;;;;
Código;Descripción;Precio;Dureza;
;;;;
ACRILO 3;NBR ACRILO;4124,0443;70;
ACRILO PRUEBA;ACRILO RESISTENTE A ACEITES;7701,2256;70;'23/08/22 - Se ajusta formulación: + 5 phr N990; + 2 phr aceite; +0.3 phr DTDM; -0,1 PHR AZUFRE'
ACRILO PRUEBA 2;Acrilo resistente a aceites;7669,3856;70;
AN 100/11 GR;Neopreno base GR ;11202,1955;60;
AN 100/11 GR 2;Neopreno base GR 2;11033,0472;60;
AN 100/11 GR 3;Neopreno base GR 3;10466,9562;60;
AN 100/17;Acrilo 98? C, medio alcalino;5475,3472;80;
AN 100/2Cau;NEO VERDÚ;6245,447;70;
AN 100/2rin;NEO VERDÚ;8072,3269;70;
AN 100/3;Acrilo 98? C, medio alcalino;5998,8791;70;
AN 101/1;Cloropreno ácidos sulfúrico y fórmico;9778,5497;50;
AN 101/1 Rev.1;Cloropreno ácidos sulfúrico y fórmico;5205,0508;50;
AN 101/2;Cloropreno ácidos sulfúrico y fórmico;6246,5803;45;
AN 111/2;Acrilo SAE J 2000 3 BG 814 EA 14 EF 11 EO 14 EO 34;4577,6043;75;
AN 112/1;ESPONJA DE ACRILO Revisión 2;5060,8797;12;
AN 112/1+ft;ESPONJA DE ACRILO 3phr mas de dioctil;5044,3046;12;
AN 112/1-c-fef;ESPONJA DE ACRILO 4phr-car y fef;5208,4561;12;
AN 112/1-fef;ESPONJA DE ACRILO 4 phr - fef;5125,4936;12;
AN 112/1R1;ESPONJA DE ACRILO Revisión 1;5962,7466;12;
AN 112/1R2;ESPONJA DE ACRILO Revisión 2;5076,653;12;
AN 112/1Rev.0;ESPONJA DE ACRILO Rev. 0;5449,5628;12;
AN 112/6;ESPONJA DE ACRILO 2 NUEVA;5855,0159;25;13/12/23: Cambio en aceite (de 10.26 a 11.72 PHR)
AN 112/6 REV, 1;ESPONJA DE ACRILO 2 NUEVA;5750,5519;15;
AN 112/6 Rev.1;Esponja de Acrilo 08/03/16 se quita 5 phr dioctiol para prox;4917,4342;15;
AN 112/6 REV.2;ESPONJA DE ACRILO 1 NUEVA;5734,4391;15;
AN 112/6 T;Esponja de Acrilo tunel;4915,3428;15;
AN 112/7;Esponja de Acrilo;4894,1324;20;
AN 112/8;Esponja de Acrilo;6863,3676;35;
AN 112/8 GR;ESPONJA ACRILO GR;6159,2851;35;
AN 112/8 Rev. 1;Esponja de Acrilo;4500,2032;35;
AN 112/8 Rev. 2;Esponja de Acrilo;6345,5816;35;
AN 112/Prueba;ESPONJA DE ACRILO 3phr mas de dioctil;5044,3046;12;
an 113/1;ACRILO PRENSA TAPONES DE SURTIDOR;9925,7195;70;
AN 113/2;Acrilo para arandela y reten para glp gas;6773,3114;65;
AN 116/1;Acrilo para tubo de nafta;7856,5379;70;
AN 116/1 Rev. 1;Acrilo para tubo de nafta;9914,9676;70;
AN 116/10;TUBO NAFTA ACRILO;8290,5693;60;
AN 116/10 REV. 1;Acrilo para tubo de nafta;9538,7945;60;
AN 116/10 rev.2;ACRILO TUBO DE NAFTA;9071,3172;60;
AN 116/11;Acrilo para tubo de nafta;9356,6212;55;
AN 116/12;Acrilo para prensa;9709,4912;60;1/11/24, se saco acrilo 1, y se agrego acrilo 3
AN 116/12A;Acrilo para prensa Gustavo Rinaldi;9268,5061;65;
AN 116/12B;Acrilo para prensa Politecnico;9231,0026;60;
AN 116/13;Acrilo para tubo de nafta Túnel;7005,3553;60;06/05/2020 - Nueva revisión de formula.
AN 116/13 Rev.1;Acrilo para tubo de nafta Túnel;9651,7039;60;
AN 116/14;Acrilo para tubo de nafta;7653,5269;75;28/07/20 - Nueva Formula con el acrilo 3
AN 116/14 Rev. 1;Acrilo para tubo de nafta;9563,8084;75;
AN 116/15;Acrilo para prensa;9478,8758;55;
AN 116/16;TUBO NAFTA ACRILO;6981,8935;50;
AN 116/2;Acrilo para prensa;9871,8545;70;
AN 116/3;Acrilo para tubo de nafta ;9257,0157;80;
AN 116/3 Rev.1;Acrilo para tubo de nafta modific 15/12/15;8805,5104;80;
AN 116/4;Acrilo para tubo de nafta;9127,7659;82;
AN 116/5;Acrilo para tubo de nafta;8877,0609;85;
AN 116/6;Acrilo para tubo de nafta;9602,5043;75;
AN 116/7;ACRILO TÚNEL;7929,4013;70;20/02/2020 - Nueva formula con acrilo 3, para que no genere burbujas en el trafilado. 
AN 116/7 Rev. 2;ACRILO TUNEL;5370,5422;70;05/02/2020 - Nueva formula con acrilo 2, para que no genere burbujas en el trafilado. 
AN 116/7 REV.1;Acrilo para túnel;9306,2073;70;
AN 116/8;Acrilo;9222,7266;85;
AN 116/8 Rev.1;Acrilo;9007,3445;85;
AN 116/9;Acrilo para prensa;9363,0735;80;
AN 117/1;Resistencia Electrica. Cot. N?22;3589,8683;70;
AN 118/1;ACRILO RESISTENTE A ACEITES;8719,6037;70;'23/08/22 - Se ajusta formulación: + 5 phr N990; + 2 phr aceite; +0.3 phr DTDM; -0,1 PHR AZUFRE'
AN 118/1 Rev.1;ACRILO RESISTENTE A ACEITES;5032,8405;70;
AN 118/3;ACRILO RESISTENTE A ACEITES;8867,3009;70;'23/08/22 - Se ajusta formulación: + 5 phr N990; + 2 phr aceite; +0.3 phr DTDM; -0,1 PHR AZUFRE'
AN 120/14;Acrilo Blanco Lacteos;4252,8511;60;
AN 120/4;Acrilo Blanco Lacteos;3469,7813;60;
AN 120/5;Acrilo Blanco Lacteos;3448,3472;70;
AN 120/6;Acrilo Blanco Lacteos prensa;3482,2301;60;
AN 120/7;Acrilo Blanco Lacteos PRENSA;3635,9289;70;
AN 120/7 BIS;Acrilo Blanco;3789,4892;70;
AN 128/1;ACRILO EXTRUSION;9108,4192;65;
AN 128/16;Acrilo adhesión al metal PROPIEDADES DINAMICAS;4664,4106;70;
AN 128/2;ACRILO SIN CARGA;7631,6573;70;
AN 128/2 A;Para Tadeo Czerweny;7653,4684;70;5/9/23. Reformulación de AN 128/2 REV. 3 para autoclave.
AN 128/2 A CAUSER;ACRILO 3 EMPASTE CAUSER;5108,152;70;
AN 128/2 A Rev. 1;Para Tadeo Czerweny con BJLT;7571,2614;70;17/11/23 - Mayor proporción de BJLT y DOP
AN 128/2 REV. 1;Acrilo Sin carga;9856,4245;70;
AN 128/2 REV. 2;Prueba para resistencia a aceites (menos carga);7576,8403;75;Formulación: 17/7/23. Reemplazo de DES AN 128/2 por falta de resistencia a aceites. Reformulación: 1/8/23: Ver AN 128/2 REV. 3.
AN 128/2 REV. 3;Prueba para resistencia a aceites (menos carga);7635,7135;70;1/8/23. Reformulación de AN 128/2 REV. 2. Agregado de más aceite para disminuir dureza.
AN 128/20;Adhesion Goma Metal Prensa;5237,5453;55;
AN 128/21;Adhesión goma metal prensa;4541,4658;60;
AN 128/21 Rev. 1;Adhesion Goma Metal Prensa;4958,6833;60;
AN 128/4;Acrilo Sin carga;9496,5311;70;
AN 128/6;Acrilo alta temperatura;9874,9887;70;
AN 128/8;Adhesion Goma Metal;4460,531;80;
AN 128/8P;Adhesion Goma Metal PRUEBA;4377,721;65;
AN 128/8P2;Adhesion Goma Metal PRUEBA;5237,5453;55;
AN 128/9;Acrilo para alta temperatura;4176,0999;70;
AN 141/1;Multiproposito;5609,8783;55;
AN 141/1 REV.1;Multiproposito;3751,1907;55;
AN 141/2;Multiproposito;5334,5513;50;
AN 141/2 REV.1;Multiproposito;3783,1735;50;
AN 141/4;COMPUESTO MULTIPROPOSITO;3835,9309;60;
AN 141/8;Acrilo 80? C;3861,8938;60;
AN 146/1;Acrilo para Quadring;4638,4983;75;
an 183/0;Petrogreen junta tanque R1;4691,1444;30;
AN arreglar;Esponja de Acrilo;4969,0292;20;
AN NUEVO;AN CON VULCAN 990;4497,354;60;
ANEPDM;50% epdm n 109/1-50% AN 139/5;7912,8;20;
BANDA 200/1;EMPASTE BANDA LOF;3480,274;80;
BASE C/FERRITE;Base Ferrite rojo siliconas;9823,4885;45;
BICOMPON 31618;ESPONJA EPDM - EPDM    COD.31618;;60;
BICOMPON.31339;ESPONJA EPDM - EPDM    COD.31339;;60;
BICOMPONENTE;ESPONJA EPDM - EPDM    COD.31616;;60;
CCJ  T1;Ccj Base;3598,1115;70;
CCJ 60;Cotizacion paragolpes barcos;4609,5528;60;
CCJ Cargado;CCJ Intermedio;3052,7202;70;
COCINA 30%;SILICONA CARGADA 30 MAS BARATA;7508,99;60;
COCINA 50%;SILICONA CARGADA 30 MAS BARATA;6779,0815;60;
COCINA 80%;SILICONA CARGADA 30 MAS BARATA;6022,3547;60;
cocina carga 30;silicona cargada;7046,0566;60;
cocina carga 50;silicona cargada;6275,0816;60;
cocina carga 80;silicona cargada;5431,1764;60;
COCINA CHINA;SIMULACION SILICONA CHINA;8336,3464;60;
COCINA CHINA2;SIMULACION SILICONA CHINA IMPORTACION;7064,3464;60;
COCINA SIL 60;sILICONA NEGRA CON CARGA;12360,6;65;
DE SV 127/9C;BC SV 127/9C;7130,7174;60;31/10/19 - Nueva formula para mejorar el costo.
DES 136/2 PREC;ABARATAR CCJ INTERMEDIO;2358,353;70;
DES 143/14 CH;ESPONJA DE SILICONA;15993,6393;20;
DES 2060/50;ESPONJA 2060/50;3853,7675;15;
DES 9060-547;ESPONJA 9060 - 547;3298,1666;15;
DES AN 128/2;ACRILO SIN CARGA;5714,6621;70;
DES AN NO CONDUCT;NBR NO CONDUCTIVO;3049,1901;65;11/09/19 - Desarrollo para fundas de cables en Acrilo.
DES AN/SBR 100;MEZCLA DE NBR/SBR PARA SOPORTES DE MOTOR PLA;2583,7091;65;
DES BASCULAS GAMA;DESARROLLO BASCULAS GAMA;3553,5886;70;
DES CAMARA AXIA;Compuesto blanco para camaras de aire;3707,1602;55;
DES COJIN AXIA;Mezcla para pegado goma/goma;7259,658;40;
DES EMPASTE SSBR;EMPASTE SSBR;5959,2561;80;PRUEBA PARA U RIGIDA EPTA 23/4/21
DES EPDM 8030 M;ESPONJA MIT SUI 8030 M;3167,2898;10;
DES EPDM 9090 M;ESPONJA MIT SUI 9090 M;3306,0923;10;
DES EPDM 9090 REV. 1;ESPONJA BC;2301,3188;10;
DES EPDM C 100/1;EPDM GRIS MIT SUI TÚNEL;2496,0848;70;
DES EPDM C 100/10;EPDM BLANCO MIT SUI;2499,8123;70;
DES EPDM FDA108;EPDM C 108;3990,5489;50;
DES EPDM N 136/9;EPDM BC;2939,2138;73;
DES EPDM NO CONDUCT;EPDM NO CONDUCTIVO;2983,0442;65;11/09/19 - Desarrollo para fundas de cables en Epdm
DES EPDM PEROXIDO;EPDM CURADO CON PEROXIDO;2714,1481;70;
DES EPDM PLUST;ESPONJA PLUSTEC;3936,2038;22;20/09/19 - Formula de esponja para el cliente Plustec. Densidad esponjado: 0.540 g/cm3
DES ESPONJ SANITAR2;ESPONJA SANITARIA BLANCA  MIGRACION REV.2;5284,5774;15;
DES ESPONJ SANITAR2 Rev.1;ESPONJA SANITARIA BLANCA  MIGRACION REV.2;5284,5774;15;
DES ESPONJA SANITARI;ESPONJA SANITARIA BLANCA  MIGRACION 8.6 REV.1;4983,7173;20;
DES ESPONJA SBR;ESPONJA SBR TUNEL;3630,6174;15;
DES ESPONJA SBR/NR;ESPONJA SBR/NR;2509,9541;15;
DES GRIS EPTA;GRIS DESARROLLO;2394,2892;70;
DES METAL DETECTABLE;NBR METAL DETECTABLE AZUL;8055,2961;70;
DES NEO NO CONDUCT;Neopreno para fundas de cables;4853,4354;70;
DES NR 100/10 PRENSA;BULBOS PARA PRENSA;5456,7081;60;
DES NR N 100/10;NATURAL PARA BULBO MASSEILOT;5459,8079;60;
DES NR N 100/3;BISAGRA SIN H;5365,7154;65;
DES NR N 113/1;ESPONJA BC;2921,7204;15;
DES NR N 113/1 REV 2;ESPONJA DESARROLLO BC;2744,7144;15;
DES NR N 113/1 REV1;ESPONJA DESARROLLO BC;2882,6899;15;
DES NR/SBR 5050;MEZCLA DE NR/SBR PARA CUERDAS TÚNEL D:60;3498,652;60;12/09/19 -Nueva formula para cuerdas diamentro 16 y 19 mm.
DES SV 129/15;COSTO SV 129/15;6920,5419;60;31/10/19 - Nueva formula para mejorar el costo.
DES SV 131/5;DESARROLLO SILICONA NEGRA;10739,455;30;5/03/2020 - Nueva Formula según revisión 1.
DES SV 131/5 Rev. 1;DESARROLLO SILICONA NEGRA ;10197,5978;30;
DIA;LUNES;;1;
DIE;MARTES;;1;
DII;MIERCOLES;;1;
DIII;JUEVES;;1;
DIIII;VIERNES;;1;
EMP DELAVAL 4;CUARTA PRUEBA;83,7163;70;
EMP DELAVAL(T);Empaste Delaval 4 para túnel;1386,4102;60;
EMP EPDM NEGRO;Empaste de Causer;3485,2755;65;
Empaste 118;Epdm para baja temperatura;3310,773;0;
Empaste 136;INTERMEDIO;2464,5378;0;
Empaste Acrilo;Acrilo 1;4189,5766;0;
Empaste CCJ;Ccj Base;3598,1115;0;
EMPASTE DELAVAL;TERCERA PRUEBA;85,3141;70;
Empaste Laval;Empaste epdm Laval Primera prueba;1314,6506;60;
Empaste Laval 2;Empaste epdm Laval Segunda prueba;1315,3516;60;
Empaste Natural;Natural GR;3757,7814;0;
EMPASTE NR N 100/10;EMPASTE DE RINALDI;3702,1012;70;empaste rinaldi NR N 100/10
EPDM  N KEP902;ESPONJA CON KEP 902 N;4432,1852;15;19/07/22 - Nueva formula con KEP 902 N
EPDM 105 GR;Empaste 105;4033,488;60;
EPDM 105carga;Compuesto Epdm túnel;3690,7426;50;
epdm Alta temp;airblock;4752,4578;65;
EPDM BICOMP;PRUEBA VALENTI 14/06/2017;3798,0234;30;
EPDM C 100/1;EPDM GRIS D:70;2074,8995;70;02/12/2022 - Nueva revisión con cambio de caucho.
EPDM C 100/1 rev 1;EPDM GRIS D:70 Rev.1;2005,723;70;
EPDM C 100/1 Rev. 1;EPDM GRIS MIT SUI D:70;2794,0234;70;
EPDM C 100/1 REV.2;EPDM GRIS D:70 ;1928,3874;70;
EPDM C 100/1 Rev.3;EPDM GRIS D:70 ;2006,5862;70;
EPDM C 100/1 Rev.4;EPDM GRIS D:70;1957,7504;70;
EPDM C 100/10;EPDM BLANCO D:70;2091,2018;70;
EPDM C 100/10 Rev 3;EPDM BLANCO D:70 rev 02/02/16;1962,7218;70;
EPDM C 100/10 REV. 1;EPDM BLANCO D:70 rev 02/02/16;1962,7218;70;
EPDM C 100/10 Rev. 2;EPDM BLANCO D:70;1954,9662;70;
EPDM C 100/10 REV.4;EPDM BLANCO D:70;2436,6249;70;11/2/22 - Nueva revisión con empaste de causer.
EPDM C 100/11;Base para mezcla de Jhonson gris;1866,438;70;
EPDM C 100/13;EPDM GRIS;2101,8337;60;02/12/2022 - Nueva revisión con cambio de caucho.
EPDM C 100/13 Rev.1;EPDM GRIS ;1994,934;60;
EPDM C 100/17;EPDM AMARILLO D:70(-);2156,1393;70;
EPDM C 100/17 Rev.1;EPDM AMARILLO D:70 (-);2099,9149;70;
EPDM C 100/1p;EPDM GRIS D:70 SIN VULKALENT G;1980,1072;70;
EPDM C 100/1R.0;EPDM GRIS D:70 Rev.0;1996,9695;70;
EPDM C 100/2;EPDM GRIS CLARO D:70;1985,1706;70;
EPDM C 100/22;EPDM MARRÓN CLARO D:70;2069,4823;70;
EPDM C 100/22B;EPDM MARRÓN CLARO D:70;1995,2579;70;
EPDM C 100/23;EPDM MARRÓN OSCURO D:70;2127,5156;70;
EPDM C 100/24;EPDM MARRÓN OSCURO D:70;2268,3402;70;
EPDM C 100/25;EPDM BLANCO;2157,6919;60;02/12/2022 - Nueva revisión con cambio de caucho.
EPDM C 100/25 Rev. 1;EPDM BLANCO;2053,2924;60;
EPDM C 100/27;EPDM BLANCO TÚNEL;2092,4746;70;02/12/2022 - Nueva revisión con cambio de caucho.
EPDM C 100/27 REV 1;EPDM BLANCO TÚNEL;2146,1126;70;
EPDM C 100/27 Rev.2;EPDM BLANCO TÚNEL;1991,9575;70;
EPDM C 100/28;EPDM MARRÓN CLARO D:70;2001,8874;70;
EPDM C 100/29;EPDM GRIS TÚNEL;2008,6456;60;
EPDM C 100/3;EPDM AZUL D:70;1977,319;70;
EPDM C 100/30;EPDM GRIS D:70;2573,5266;70;
EPDM C 100/31;EPDM GRIS D:80;1903,1035;80;
EPDM C 100/32;EPDM MARRON OSCURO TÚNEL;2564,6505;60;
EPDM C 100/33;EPDM MARRON OSCURO TÚNEL mas calidad;3013,6182;60;
EPDM C 100/34;EPDM BLANCO TÚNEL mas calidad;2249,6434;60;
EPDM C 100/35;EPDM GRIS TÚNEL;1992,1409;70;
EPDM C 100/36;EPDM BLANCO  D:70 PRENSA;1980,0077;70;
EPDM C 100/37;EPDM GRIS CLARO TÚNEL;2002,2705;70;
EPDM C 100/4;EPDM GRIS D:70 Para J Guarnizione (- acel);1955,49;70;
EPDM C 101/1;EPDM GRIS D:70;2559,4391;70;
EPDM C 101/1 Rev.1;EPDM GRIS D:70;2698,9596;70;
EPDM C 101/1 Rev.2;EPDM GRIS D:70;2885,5936;70;
EPDM C 101/10;EPDM BLANCO PARA ADHESIÓN D:75;2651,4919;75;
EPDM C 101/11;EPDM BLANCO D:80;2694,9299;80;
EPDM C 101/12;EPDM GRIS  D:80 adhesión;2480,1473;80;
EPDM C 101/2;EPDM GRIS MUY CLARO D:70;2718,6028;70;
EPDM C 101/4;EPDM GRIS D:70;2699,0017;70;
EPDM C 101/5;EPDM AZUL D:75;2754,5632;75;
EPDM C 101/6;EPDM BLANCO D:75;2697,2198;75;
EPDM C 101/7;EPDM GRIS  D:65/70;2807,9722;65;
EPDM C 101/8;EPDM GRIS  D:80/85;2562,0283;80;
EPDM C 101/9;EPDM BLANCO D:85;2688,6563;85;
EPDM C 103/1;ESPONJA EPDM GRIS D:20 Rev.1;2837,1984;20;
EPDM C 103/1B;ESPONJA EPDM GRIS D:20 PRUEBA;3493,2829;20;
EPDM C 103/1Rv0;ESPONJA EPDM GRIS D:20 Rev.0;3039,3011;20;
EPDM C 103/2;ESPONJA EPDM GRIS D:20;2823,8633;20;
EPDM C 103/3;ESPONJA EPDM GRIS MAS BLANDA D:15;3153,1993;15;
EPDM C 103/4;ESPONJA EPDM GRIS MAS DURA D:35;2690,8034;35;
EPDM C 104/1;EPDM ROJO FERRITE;2257,5033;65;12/7/19 - Nueva formula para sun gren de color roja
EPDM C 104/10;Epdm blanco;5455,8;40;
EPDM C 104/17;Esponja Blanca epdm mas dura REV 1 29/06/2016;2522,7461;35;22/8/23: Modificación de 95 a 66 PHR de Aceite HP 150.
EPDM C 104/17 REV 2;ESPONJA BLANCA AUTOCLAVE;3300,2899;40;9/3/2022 - Nueva formula con empaste de causer
EPDM C 104/17 Rev.1;Esponja Blanca epdm mas dura REV 1 29/06/2016;2556,3251;35;
EPDM C 104/17b;Esponja Blanca epdm mas dura Rev 0;2556,3251;35;
EPDM C 104/4;esponja blanca;3601,5766;15;17/03/2020 - Formula ajustada según EPDM C 104/5.
EPDM C 104/5;Esponja de epdm Blanca Rev.2 01/11/2018;3148,9525;15;se modifico 25/3/25
EPDM C 104/5 REV.1;Esponja de epdm Blanca Rev.2 01/11/2018;3627,0805;15;25/3/25 se reemplazo keltan 6675 por kep 902 y aceite HP 150 por No manchantes, tambien se cambiaron las partes de otros materiales
EPDM C 104/5R0;Esponja de epdm Blanca Rev.0;3369,0519;15;
EPDM C 104/5R1;Esponja de epdm Blanca Rev.1;3438,7691;15;
EPDM C 104/6;Esponja de epdm Blanca;3366,2916;20;
EPDM C 104/7;Esponja de epdm Blanca (- 77 phr CARBONATO);3880,4908;15;
EPDM C 104/8;Esponja de epdm Blanca (-35.56 KELTAN + 35.56);3280,2231;15;
EPDM C 104/9;Esponja blanca túnel;3267,1378;10;
EPDM C 108/1;EPDM SANITARIO D:50 Rev.1;3119,107;50;13/3/25  se reemplaza keltan 6675/EPT 3072 por kep 902
EPDM C 108/1 Rev.1;EPDM SANITARIO D:50 Rev.1;3119,107;50;
EPDM C 108/10;EPDM BLANCO FDA EXTRUSIÓN;3747,2881;50;19/10/22 - Nueva revisión con caucho mit sui 4070. 1/3/24 - Ajuste de aceite: 38,18 a 40,81 phr.
EPDM C 108/10 rev.1;EPDM BLANCO FDA extrusión;3654,722;50;29/6/20 - Epdm sanitario en proceso de homologación en SENASA. Ajustado para extrusión.
EPDM C 108/10 Rev.2;EPDM BLANCO FDA EXTRUSIÓN;3766,6212;50;
EPDM C 108/11;EPDM SANITARIO D:55;3103,2859;55;
EPDM C 108/12;EPDM BLANCO SANITARIO SIN SILICE;3591,2404;55;
EPDM C 108/13;EPDM BLANCO FDA EXTRUSIÓN;3092,9322;60;09/05/22 - Nueva formula 
EPDM C 108/14;EPDM SANITARIO PARA ADHESIÓN D:65;3050,845;65;
EPDM C 108/15;EPDM SANITARIO D:70;3121,3322;70;
EPDM C 108/16;EPDM SANITARIO GRIS  PARA ADHESIÓN D:65;3045,078;65;
EPDM C 108/17;EPDM SANITARIO D:75/80;2988,2702;75;
EPDM C 108/18;EPDM SANITARIO PARA ADHESIÓN D:50;3034,8457;50;
EPDM C 108/19;EPDM BLANCO FDA TRAMITACIÓN EN SENASA PRENSA;4323,7197;55;27/9/19 - Epdm sanitario en proceso de homologación en SENASA.
EPDM C 108/19 REV.1;EPDM SANITARIO PARA ADHESIÓN PRENSA;3048,6202;55;
EPDM C 108/1B;EPDM BLANCO SANITARIO ALTERNATIVO (FALTA DE CAUCHO) Rev.1;2630,6296;50;
EPDM C 108/1BR0;EPDM BLANCO SANITARIO ALTERNATIVO (FALTA DE CAUCHO) Rev.0;2641,7666;50;
EPDM C 108/1R0;EPDM SANITARIO D:50 Rev.0;3133,199;50;
EPDM C 108/2;EPDM SANITARIO D:60;3115,073;60;
EPDM C 108/20;EPDM SANITARIO Túnel;3152,404;45;
EPDM C 108/21;EPDM SANITARIO Túnel;3135,6298;60;
EPDM C 108/22;EPDM SANITARIO Túnel;3146,1651;70;
EPDM C 108/23;EPDM SANITARIO D:50;3079,434;50;
EPDM C 108/23T;EPDM SANITARIO D:50;3082,9844;50;
EPDM C 108/24;EPDM SANITARIO GRIS  PARA ADHESIÓN TUNEL D:65;3065,0112;65;
EPDM C 108/25;EPDM SANITARIO D:50 (FDA 1783620);4022,7085;50;
EPDM C 108/3;EPDM BLANCO FDA TRAMITACIÓN EN SENASA;4319,9161;50;27/9/19 - Epdm sanitario en proceso de homologación en SENASA.
EPDM C 108/4;EPDM SANITARIO D:45;3084,1509;45;
EPDM C 108/9;EPdm Blanco Sanitario;3057,6989;35;
EPDM C 108P1;sin zeosil + aceite;3173,9734;45;
EPDM C 108P2;sin zeosil + aceite - Carbonato;3372,5391;45;
EPDM C 109/3;Esponja de epdm blanca (sale amarillenta);3990,2965;15;
EPDM C 116/1;EPDM BLANCO ;2841,1889;60;
EPDM C 116/1 Rev. 1;EPDM BLANCO SANITARIO ;3472,5686;60;
EPDM C 116/3;EPDM PARA LECHE  D:45;3158,4063;45;
EPDM C 116/4;EPDM PARA LECHE 70? C  a 100? C;3367,9089;70;
EPDM C 116/5;EPDM BLANCO SANITARIO;3543,6491;60;
EPDM C 120/1;EPDM AMARILLO TÚNEL mas calidad;2481,0424;75;
EPDM C 9090;ESPONJA BLANCA MIT SUI;3995,833;15;13/05/20 - Nueva revisión para ajustar la dureza.
EPDM C 9090 REV.2;ESPONJA BLANCA MIT SUI.;3884,3015;15;3/10/19 - Nueva revisión con aceite parafinico.
EPDM C 9091;ESPONJA BLANCA TÚNEL;3934,2347;12;20/04/22 - Nueva formula con cauchos 3110 y 8030
EPDM C 9091 Rev.1;ESPONJA BLANCA TÚNEL;3686,9226;10;20/10/21 - NUEVA FORMULA
EPDM C 9091 REV.2;ESPONJA BLANCA TÚNEL;4731,8381;12;25/02/2022 - Nueva formula con empaste.
epdm d:20;epdm blanco;2577,0444;20;
EPDM D:45-50;CCJ COMÚN PARA TÚNEL mas blando;4208,2023;45;
EPDM GP 200;EMPASTE FABRICADO POR CAUSER ACELERADO LISTO PARA EXTRUDAR ;;65;
EPDM GRIS (Du);EPDM GRIS PARA ARREGLAR DUREZA;1816,4587;70;
EPDM MASISO METALDET;EPDM MASIZO METAL DETECTABLE;9269,8335;65;
EPDM METAL DETECTABL;EPDM ESPONJA METAL DETECTABLE;9009,0344;15;
EPDM N 100/1;CCJ COMÚN MIT SUI;3035,0992;70;3/12/19 - Nueva formula con caucho Mit Sui. 25/9/23 - Modificación de la cantidad de aceite de 31 a 42 PHR.
EPDM N 100/1 REV.1;CCJ COMÚN (-);4186,2733;70;
EPDM N 100/10;CCJ DURO MIT SUI;3863,892;80;
EPDM N 100/10 Rev.1;CCJ DURO;5746,8066;80;
EPDM N 100/10pr;CCJ DURO;5745,712;80;
EPDM N 100/11;CCJ ;4204,207;80;
EPDM N 100/12;CCJ con natural;4214,3935;60;
EPDM N 100/13;CCJ SIN CARGA;4438,6052;75;
EPDM N 100/13 Rev.1;CCJ SIN CARGA;6028,4786;75;
EPDM N 100/13 Rev.2;CCJ SIN CARGA;4438,6052;75;
EPDM N 100/16;CCJ PRENSA MIT SUI;3863,6727;75;11/09/19 - Nueva formula con cauchos de Mit Sui. 27/11/23 - Modificación del tipo de caucho.
EPDM N 100/16 Rev.1;CCJ PRENSA;5885,365;75;
EPDM N 100/2;CCJ SIN CARGA;4410,3691;70;
EPDM N 100/2 Rev. 1;CCJ SIN CARGA;6187,73;70;
EPDM N 100/2 Rev.2;CCJ SIN CARGA;4433,6508;70;
EPDM N 100/23;CCJ COMÚN SIN VULKALENT MIT SUI;3345,7336;65;19/09/19 - Nueva formula con caucho Mit Sui.    13/3/25 se reemplazo ept 0045 por mitsui 4070
EPDM N 100/23 Rev.1;CCJ COMÚN SIN VULKALENT (-);4581,5262;65;
EPDM N 100/23 REV.2;CCJ COMÚN SIN VULKALENT MIT SUI;3345,7336;65;19/09/19 - Nueva formula con caucho Mit Sui.    13/3/25  se reemplaza caucho Mitsui ept 0045 por  Mitsui 4070
EPDM N 100/23 T;CCJ COMÚN SIN VULKALENT MIT SUI TÚNEL;3350,2468;65;19/09/19 - Nueva formula con caucho Mit Sui.
EPDM N 100/23P;CCJ COMÚN Prensa;4598,636;65;
EPDM N 100/24;CCJ COMÚN MIT SUI;4526,0825;62;
EPDM N 100/24 REV.1;CCJ Sin Carga;5996,0419;60;
EPDM N 100/24 Rev.2;CCJ COMÚN MIT SUI;4526,9369;62;
EPDM N 100/25;CCJ para adhesión;5448,6941;85;
EPDM N 100/26;CCJ COMÚN ADHESIÓN;3033,8705;70;
EPDM N 100/26 Rev. 1;CCJ COMÚN ADhESION (-);4145,2001;70;
EPDM N 100/27;CCJ COMÚN SIN VULKALENT MIT SUI;3357,1739;65;03/02/20 - Nueva formula con caucho Mit Sui.    13/3/25 se reemplaza el mitsui ept 0045 por mitsui 4070
EPDM N 100/27 Rev. 1;CCJ  adhesion Túnel;4604,9551;65;
EPDM N 100/27 Rev.2;CCJ COMÚN SIN VULKALENT MIT SUI;3357,1739;65;03/02/20 - Nueva formula con caucho Mit Sui.
EPDM N 100/28;CCJ COMÚN ADHESIÓN TÚNEL MIT SUI;3080,1023;65;
EPDM N 100/28 Rev.1;CCJ  adhesion Túnel Rev 1;4144,996;65;
EPDM N 100/28 Rev.2;CCJ COMUN ADHESION TÚNEL MIT SUI;3107,36;65;26/02/20 - Nueva formula con caucho Mit Sui.
EPDM N 100/28/1;CCJ  adhesion Túnel Rev 1 17/06/15;4106,9586;65;
EPDM N 100/28AC;CCJ  adhesion Túnel;4153,7283;65;
EPDM N 100/29;CCJ COMÚN ADHESIÓN MIT SUI;3046,9662;60;
EPDM N 100/29 Rev.1;CCJ  adhesion Túnel;4133,1761;60;
EPDM N 100/29 Rev.2;CCJ COMUN ADHESION MIT SUI;3108,3094;60;19/09/19 - Nueva formula con caucho Mit Sui.
EPDM N 100/29 Rev.3;CCJ COMÚN ADHESIÓN MIT SUI;3046,9662;60;
EPDM N 100/2adh;CCJ SIN CARGA PARA ADHESIÓN;6166,959;70;
EPDM N 100/2P;CCJ SIN CARGA para prensa;6179,652;70;
EPDM N 100/2T;CCJ SIN CARGA PARA  TÚNEL;6118,2235;70;
EPDM N 100/2Tu;CCJ SIN CARGA PARA  TÚNEL;6113,563;70;
EPDM N 100/3;Ccj más cargado;3819,1238;70;
EPDM N 100/30;CCJ Sin Carga;5891,5656;50;
EPDM N 100/31;CCJ DURO MIT SUI TÚNEL;3864,831;80;
EPDM N 100/31 REV. 1;CCJ DURO TÚNEL;5627,1452;80;
EPDM N 100/32;CCJ COMÚN;3736,9828;80;
EPDM N 100/32 Rev.1;CCJ COMÚN;4121,7495;80;
EPDM N 100/33;CCJ COMÚN túnel MIT SUI;3167,5951;75;19/09/19 - Nueva formula con caucho Mit Sui. 3/10/23 - Cambio en la cantidad de aceite: de 2 a 3.3 PHR
EPDM N 100/33 Rev.1;CCJ COMÚN túnel (-);4079,804;75;
EPDM N 100/34;CCJ adhesión Mit Sui.;3355,5027;60;23/08/22 - Nueva formula con KEP 902. 29/08/23: Reformulación. Cambio de aceite de 30 a 42 PHR.
EPDM N 100/34 a;CCJ  adhesion ;4583,0948;60;
EPDM N 100/34 Rev.1;CCJ  adhesion (mas aceite por carbonato duro) (-);4559,9239;60;
EPDM N 100/34 Rev.2;CCJ adhesión Mit Sui.;3376,8634;60;
EPDM N 100/34 T;CCJ adhesión mit sui Túnel;3347,7606;60;
EPDM N 100/34 T Rev3;CCJ adhesión Mit Sui. TÚNEL;3385,7515;60;
EPDM N 100/35;CCJ COMÚN;4157,4157;73;
EPDM N 100/36;CCJ SIN CARGA para prensa;5824,6554;45;
EPDM N 100/37;CCJ SIN CARGA PARA ADHESIÓN;5978,589;75;
EPDM N 100/38;CCJ COMÚN ADHESION (-);4890,0012;65;
EPDM N 100/39;CCJ MIT SUI PARA ADHESIÓN TUNEL;3802,033;70;11/09/19 - Nueva formula con cauchos de Mit Sui. 3/10/23 - Cambio en la cantidad de aceite (de 13 a 13.8 PHR)
EPDM N 100/39 REV 1;CCJ SIN CARGA PARA ADHESIÓN TUNEL;6093,0075;70;
EPDM N 100/4;CCJ MIT SUI;3523,6717;60;21/2/24 - Modificación de NM202: de 36 a 52,5 PHR.
EPDM N 100/4 Rev.1;CCJ ;4870,9101;60;
EPDM N 100/4 Rev.2;CCJ MIT SUI;3571,0344;60;03/02/2020 - Nueva formula a partir del caucho Mit Sui.  
EPDM N 100/40;CCJ para túnel (-);4815,648;60;
EPDM N 100/41;CCJ Común Mit Sui;3620,8309;55;19/09/19 - Nueva formula con caucho Mit Sui.
EPDM N 100/41 Rev.1;CCJ Común ;4806,6572;55;
EPDM N 100/42;CCJ COMÚN;4762,3234;75;
EPDM N 100/43;CCJ SIN CARGA PARA ADHESIÓN TUNEL MIT SUI;4231,7436;75;9/10/19 - Nueva formulación con Empaste Universal.
EPDM N 100/43 Rev. 1;CCJ SIN CARGA PARA ADHESIÓN TUNEL;5470,9417;75;
EPDM N 100/44;CCJ COMÚN ;4148,4375;45;
EPDM N 100/45;CCJ SIN CARGA PARA ADHESIÓN TUNEL;5573,7249;85;
EPDM N 100/46;CCJ COMÚN ;4131,8304;60;
EPDM N 100/47;CCJ COMÚN PARA ADHESIÓN;4156,5381;75;
EPDM N 100/48;CCJ SIN CARGA PARA ADHESIÓN;4364,8697;70;
EPDM N 100/48 REV.1;CCJ SIN CARGA PARA ADHESIÓN Revisión 1;6150,967;70;
EPDM N 100/48 Rev.3;CCJ SIN CARGA PARA ADHESIÓN Revisión 1;4405,2431;70;12/11/19 - Nueva formula con caucho de Mit Sui.
EPDM N 100/48R0;CCJ SIN CARGA PARA ADHESIÓN Revisión 0;6166,959;70;
EPDM N 100/49;CCJ COMÚN adhesión;4107,9683;60;
EPDM N 100/4T;CCJ MITSUI PARA TÚNEL;3540,2594;60;
EPDM N 100/4T REV. 1;CCJ para túnel;4846,462;60;
EPDM N 100/4T Rev.3;CCJ MITSUI PARA TÚNEL ;3575,2646;60;12-01-2021 SE CREA NUEVA REVISIÓN CON EMPASTE MITSUI
EPDM N 100/4T1;CCJ para túnel mas rapida 3/7/15;4833,18;60;
EPDM N 100/5;Ccj Sin carga con grafito;6212,0258;70;
EPDM N 100/50;CCJ COMÚN adhesión (-);3059,3725;65;
EPDM N 100/50 Rev. 1;CCJ COMÚN adhesión (-);4127,708;65;
EPDM N 100/50 REV.2;CCJ COMÚN adhesión (-);3099,8309;65;
EPDM N 100/51;45% EPDM - 55% NATURAL;7282,8189;65;
EPDM N 100/51b;45% EPDM - 55% NATURAL;7282,6199;65;
EPDM N 100/51r0;45% EPDM - 55% NATURAL;7282,4265;80;
EPDM N 100/52;CCJ PRENSA;6150,5011;70;
EPDM N 100/53;CCJ DURO TÚNEL PARA ADHESION;5610,2389;80;
EPDM N 100/54;CCJ PRENSA ADHESIÓN;5911,0841;80;
EPDM N 100/55;CCJ SIN CARGA PARA ADHESIÓN TÚNEL MIT SUI;4531,5769;60;27/11/23 - Agregado de más caucho: de 31 a 47,5 PHR
EPDM N 100/55 REV.1;CCJ SIN CARGA PARA ADHESIÓN TÚNEL;5947,9617;60;
EPDM N 100/55 Rev.3;CCJ SIN CARGA PARA ADHESIÓN TÚNEL MIT SUI;4493,4006;60;11/11/19 - Nueva formula con cauchos Mit Sui.
EPDM N 100/56;CCJ COMÚN PARA ADHESIÓN;4171,5066;75;
EPDM N 100/57;EPDM SIN CARGA ADHESIÓN PRENSA;6065,1639;70;
EPDM N 100/58;CCJ Sin Carga para adhesión;5435,0009;52;
EPDM N 100/59;RIEL FERROCARRIL SEGÚN NORMA;4283,3203;75;
EPDM N 100/6;CCJ COMÚN;4156,3599;70;
EPDM N 100/65;EPDM DUREZA 65 PARA ATUCHA;4860,5714;65;
EPDM N 100/8;50% EPDM 50 % Natural;4546,521;70;
EPDM N 100/8b;Epdm para furgón;5073,7716;60;
EPDM N 100/9;CCJ ;4211,3877;80;
EPDM N 101/;CCJ COMÚN PARA TÚNEL;3962,945;60;
EPDM N 101/1;CCJ TUNEL MIT SUI;3096,9047;70;11/09/19 - Nueva formula para tira de camaras con cauchos Mit Sui. 19/10/23: Cambio en cantidad de aceite (25 a 33 PHR)
EPDM N 101/1 Rev. 1;CCJ COMÚN PARA TÚNEL Mayor aceleración(-);4271,5501;70;
EPDM N 101/10;CCJ COMÚN PARA ADHESIÓN EN TÚNEL;3167,2533;65;14/11/19 - Nueva formulación con caucho Mit Sui.
EPDM N 101/10 REV.1;CCJ COMÚN PARA ADHESIÓN EN TÚNEL;4275,7224;65;27-6-19 - Nueva aceleración para mejorar el pegado en bicomponente.
EPDM N 101/1ACE;CCJ COMÚN PARA TÚNEL Mayor aceleración;4284,4099;70;
EPDM N 101/2;CCJ COMÚN PARA TÚNEL;4317,1935;65;13/11/19- Nueva formula con cauchos Mit Sui.
EPDM N 101/2 REV. 2;CCJ COMÚN PARA TÚNEL;5959,8158;65;
EPDM N 101/20;CCJ BLANDO CAUCHO MIT SUI;3202,3075;60;19/09/22 - Formulación con kep 902
EPDM N 101/20 Rev. 2;CCJ BLANDO CAUCHO MIT SUI;3135,7457;45;11/09/19 - Nueva formula con caucho mit sui.
EPDM N 101/20 Rev.1;CCJ COMÚN PARA TÚNEL mas blando;4200,9387;45;
EPDM N 101/20 Rev.3;CCJ BLANDO CAUCHO MIT SUI;3247,3246;60;30/09/19 - Nueva formulación con caucho Mit Sui.
EPDM N 101/21;CCJ COMÚN PARA PRENSA;3211,381;45;7/10/19 - Nueva formula con caucho Mit Sui.
EPDM N 101/21 Rev.1;CCJ COMÚN PARA PRENSA;4224,1553;45;
EPDM N 101/22;CCJ COMÚN PARA TÚNEL mas blando Adhesión;4189,7478;45;
EPDM N 101/23;CCJ COMÚN PARA TÚNEL mas blando;4167,9442;45;
EPDM N 101/23 Rev. 1;CCJ COMÚN PARA TÚNEL más blando;3116,4433;55;Con Universal 4070 + Agregado de Estearina
EPDM N 101/23B;CCJ COMÚN PARA TÚNEL mas blando;4163,7838;45;
EPDM N 101/23c;CCJ COMÚN PARA TÚNEL  prueba mas aceleracion 14/07/15;4176,1973;45;
epdm n 101/23ca;epdm a partir empaste de causer;3831,7326;45;
EPDM N 101/23d;CCJ COMÚN PARA TÚNEL mas blando 3-4 sh mas;4180,0467;45;
EPDM N 101/24;CCJ COMÚN PARA TÚNEL mas blando;4203,0255;45;
EPDM N 101/25;CCJ SIN CARGA PARA TÚNEL;6082,422;70;
EPDM N 101/26;CCJ COMÚN PARA TÚNEL Mayor aceleración;4246,9216;70;
EPDM N 101/27;CCJ DURO PARA TÚNEL;2947,4955;85;
EPDM N 101/27 Rev.1;CCJ DURO PARA TÚNEL;3943,8249;85;
EPDM N 101/28;CCJ DURO PARA TUNEL;4397,0703;75;
EPDM N 101/2B;HOLA;6068,3187;70;
EPDM N 101/3;CCJ COMÚN PARA TÚNEL;4308,2623;68;13/11/19- Nueva formula con cauchos Mit Sui.
EPDM N 101/3 REV. 1;CCJ COMÚN PARA TÚNEL;5950,5833;68;
EPDM N 101/3 REV. 2;CCJ COMÚN PARA TÚNEL;4259,1105;68;11/11/19 - Nueva formula con cauchos mit sui
EPDM N 101/4;CCJ DURO PARA TUNEL Revisión 4;4137,3843;80;
EPDM N 101/4B;CCJ DURO PARA TÚNEL Revisión 2;4098,8102;90;
EPDM N 101/4R0;CCJ DURO PARA TÚNEL Revisión 0;3993,0457;80;
EPDM N 101/4R1;CCJ DURO PARA TÚNEL Revisión 1;3977,1027;80;
EPDM N 101/4R2;CCJ DURO PARA TÚNEL Revisión 2;4091,1621;80;
EPDM N 101/4R3;CCJ DURO PARA TUNEL Revisión 3;4143,6832;80;
EPDM N 101/5;CCJ COMÚN PARA TÚNEL;4251,2029;65;
EPDM N 101/6;CCJ TUNEL MIT SUI;3642,664;60;11/09/19 - Nueva formula para tira de camaras con cauchos Mit Sui. 5/12/23 - Cambio en cantidad de aceite (28 a 33,36 PHR)
EPDM N 101/6 Rev.1;CCJ COMÚN PARA TÚNEL (-);4239,081;60;
EPDM N 101/7;EMPASTE PARA EXTRUSIÓN DE ARANDELAS;3701,1234;85;
EPDM N 101/7 REV. 1;EMPASTE PARA EXTRUSIÓN DE ARANDELAS;3663,6341;85;
EPDM N 101/8;CCJ COMÚN ADHESIÓN;3185,8423;70;
EPDM N 101/8 Rev.1;CCJ COMÚN PARA adhesion TÚNEL;4240,8861;70;
EPDM N 101/9;CCJ COMÚN PARA adhesion TÚNEL;4254,2269;75;
EPDM N 101/9b;CCJ COMÚN PARA adhesion TÚNEL;4261,9578;75;
EPDM N 102/1;CCJ COMÚN PARA TÚNEL ADHESIÓN;5942,8635;65;
EPDM N 105;Compuesto Epdm;3289,875;65;
EPDM N 105/1;Compuesto Epdm Rev 18/12/12;3998,7603;45;
EPDM N 105/11;Compuesto Epdm para 80/100? C;4604,2634;45;
EPDM N 105/14;Compuesto Epdm ;3995,1017;45;
EPDM N 105/15;Compuesto Epdm para túnel;4047,6918;45;
EPDM N 105/16;EPDM P/ TÚNEL;4919,0826;60;
EPDM N 105/17 REV 1;Compuesto Epdm túnel;3759,5531;50;
EPDM N 105/19;Compuesto Epdm para adhesión;4261,1242;50;
EPDM N 105/19 REV.1;Compuesto Epdm para adhesión;4024,8215;50;
EPDM N 105/2;Compuesto EPDM Blando  (AHORA ES 105/8)  12/2020;3890,0905;50;
EPDM N 105/2 REV. 1;Compuesto Epdm (Ult rev mas 16phr aceite);3735,8475;50;
EPDM N 105/2B;EPDM ;4951,1754;50;
EPDM N 105/5;EPDM MIT SUI;4889,3351;60;24/06/2022 - Nueva formula con empaste D:60
EPDM N 105/5 REV.1;EPDM ;4929,0728;60;
EPDM N 105/5 REV.2;EPDM MIT SUI;4137,9123;60;13/11/19 - Nueva formula con caucho Mit Sui.
EPDM N 105/5B;EPDM ;5500,0317;60;
EPDM N 105/5GR;Empaste epdm;6876,7684;60;
EPDM N 105/6;EPDM REEMPLAZO EPDM N 105/5;5500,0317;60;
EPDM N 105/7;Compuesto EPDM;4059,0821;50;
EPDM N 105/7 Rev.1;Compuesto Epdm;4014,9422;40;
EPDM N 105/8;REEMPLAZO DEL EPDM 105/2;3777,088;50;20/10/23 - Agregado de sulfads, carbonato (69.6420 a 107.20) y tmtd (0.39 a 0.78)
EPDM N 105/8 Rev. 1;EPDM REEMPLAZO EPDM N 105/2;4951,1754;50;
EPDM N 105/8T;EPDM BLANDO PARA TUNEL  50 X 50 SYCMA;4127,4673;0;
EPDM N 107/3;Esponja de epdm Rev.1;4197,7152;20;
EPDM N 107/3-ac;Esponja de epdm menos aceite;4736,1309;20;
EPDM N 107/3b;Esponja de epdm;4631,6778;20;
EPDM N 107/3R0;Esponja de epdm Rev.0;4586,6694;20;
EPDM N 107/3T49;Esponja de epdm TER 4049;4099,3972;20;
EPDM N 107/3TER;Espnja de epdm con TER 9046;3976,1815;20;
EPDM N 107/4;Esponja de epdm;4154,1373;35;
EPDM N 107/5;Esponja de epdm resolvé;4285,7446;35;
EPDM N 107/6;Esponja de epdm ;4736,1309;35;
EPDM N 108/1;Esponja de Vic Dura;4362,7391;15;
EPDM N 108/13;ESPONJA DE EPDM;2181,1677;40;
EPDM N 108/2;3 Kg EPDM N 108/1 + 3.5 Kg EPDM N 100/2;5342,1727;35;
EPDM N 108/3;Esponja de Vic Dura;4641,4553;20;
EPDM N 108/4;Esponja de Vic Dura (Bracco);5203,6381;35;
EPDM N 108/5;Esponja de Vic Dura (Bracco) REV 1 20/04/2016;5161,9315;25;
EPDM N 108/5/0;Esponja de Vic Dura (Bracco) REV 0;4676,4163;25;
EPDM N 108/5b;Esponja de Vic Dura (Bracco) MENOS ACEITE;4645,1396;25;
EPDM N 109/1;Esponja de Epdm Rev. 6;4693,8493;10;
EPDM N 109/1-a;Esponja de Epdm (Vic Blanda)- Isisa 17/07/15;5423,9686;10;
EPDM N 109/1-CA;Esponja de Epdm (Vic Blanda)- CAUSER;4855,3033;10;
EPDM N 109/1-is;Esponja de Epdm (Vic Blanda)- Isisa;5496,0799;10;
EPDM N 109/10;3 kg vic blanda + 3 kg ccj sin carga;3881,619;35;
EPDM N 109/11;ESPONJA DE EPDM TÚNEL BICOMPONENTE Rev.3;5741,4168;30;
EPDM N 109/11C;Esponja de epdm ;8257,811;15;
EPDM N 109/11R0;Esponja de epdm túnel Rev.0 base CCJ;5260,3916;15;
EPDM N 109/11R1;Esponja de epdm túnel Rev.1 base CCJ;5350,709;15;
EPDM N 109/11R2;ESPONJA DE EPDM TÚNEL BICOMPONENTE Rev.2;5897,8647;30;
EPDM N 109/12;Esponja de Epdm Rev. 1;5475,6428;10;
EPDM N 109/12B;Esponja de Epdm Rev. 2;5208,9412;30;
EPDM N 109/12R0;ESPONJA DE EPDM Rev.0;3883,0251;30;
EPDM N 109/13;Esponja de epdm túnel base CCJ;5394,8198;15;
EPDM N 109/14;ESPONJA BLANDA KEP 902;4885,8643;10;
EPDM N 109/14 A;ESPONJA AUTOCLAVE MIT SUI;5874,3833;10;
EPDM N 109/14 A R-1;esponja a base de empaste ccj para usar en autoclave reemplaza a epdm n 109/2;6018,9019;10;
EPDM N 109/14 REV.1;ESPONJA A BASE DE EMPASTE CCJ USAR PARA TÚNEL RREMPLAZA EPDM N 109/1;5354,1487;10;
EPDM N 109/14 Rev.2;ESPONJA BLANDA MIT SUI;4963,4357;10;
EPDM N 109/15;Esponja de Epdm BICOMPONENTE;4217,287;30;
EPDM N 109/15cj;Esponja de epdm túnel BICOMPONENTE;4645,8066;15;
EPDM N 109/15R1;Esponja de Epdm BICOMPONENTE MITAD ESP.MITAD FAC.;3763,2124;30;
EPDM N 109/15R2;Esponja de Epdm BICOMPONENTE MITAD ESP.MITAD FAC.MITAD OIL;3849,7092;30;
EPDM N 109/16;Esponja túnel con más resistencia en crudo para perfiles dificiles como el de Pla.;4696,9838;30;
EPDM N 109/16 Rev.1;ESPONJA TÚNEL CON MÁS RESISTENCIA EN CRUDO PERFILES DIFICILES COMO EL DE PLA;5853,8529;35;
EPDM N 109/16 Rev.2;Esponja túnel con más resistencia en crudo perfiles dificiles como el de Pla.;5015,5515;30;08/11/19 - Nueva formula con cauchos Mit Sui.
EPDM N 109/17;ESPONJA TÚNEL CON MÁS RESISTENCIA EN CRUDO ;4057,3703;35;Nueva formula para realizar burlete que antes se hacia con la goma EPDM N 109/12
EPDM N 109/18;ESPONJA EPDM PARA CUERDAS COMUNES BASADO EN EPDM N 109/1;3757,4781;15;
EPDM N 109/19;ESPONJA DURA PARA VULTRAC;4795,1584;50;
EPDM N 109/1b;Esponja de Epdm Rev. 2;4896,7546;10;
EPDM N 109/1C;Esponja de Epdm Rev. 2;4904,9267;10;
EPDM N 109/1CC0;Esponja de epdm túnel Rev.0;5304,1564;15;
EPDM N 109/1CCJ;Esponja de epdm túnel Rev.1;5260,3916;15;
EPDM N 109/1R3;Esponja de Epdm Rev. 3;4904,9267;10;
EPDM N 109/1R4;Esponja de Epdm Rev. 4;4907,1977;10;
EPDM N 109/1Re1;Esponja de Epdm Rev. 1;4905,833;10;
EPDM N 109/1Rv0;Esponja de Epdm (Vic Blanda) Rev.0;4554,2741;10;
EPDM N 109/1Rv2;Esponja de Epdm Rev. 2;4879,5464;10;
EPDM N 109/1Tu;Esponja de Epdm tunel nuevo;4294,8037;10;
EPDM N 109/2;Esponja de Epdm Autoclave Rev.3;5378,8899;15;
EPDM N 109/2CCJ;Esponja de epdm autoclave;5042,9348;15;
EPDM N 109/2R0;Esponja de Epdm Autoclave Rev.0;4575,1565;15;
EPDM N 109/2R1;Esponja de Epdm Autoclave Rev.1;5362,0563;15;
EPDM N 109/2R2;Esponja de Epdm Autoclave Rev.2;5387,6657;15;
EPDM N 109/4;3 Kg Vic Blanda + 0.5 Kg EPDM N 100/2;3894,169;20;
EPDM N 109/6;Esponja de Vic Blanda mas cargada;4385,4115;10;
EPDM N 109/7;Aceleración para túnel;4255,5201;10;
EPDM N 109/7RB;Aceleración para túnel;4195,0647;10;
EPDM N 109/8;Esponja de Epdm Rev. 3;5119,0834;10;
EPDM N 109/8RB;Aceleración mas esponjante;4358,6331;10;
EPDM N 109/8RB1;Aceleración mas esponjante;4270,3768;10;
EPDM N 109/9;Esponja de Epdm;4454,9347;35;
EPDM N 110/1;Esponja de Epdm;5112,3036;30;
EPDM N 110/2;Esponja de Epdm;5248,9723;35;
EPDM N 110/3;Esponja de Epdm;4993,0582;25;
EPDM N 111/14;Epdm para alta temperatura;4192,9426;70;02/12/2022 - Nueva revisión con cambio de caucho.
EPDM N 111/14 Rev.1;Epdm para alta temperatura;3913,2211;70;
EPDM N 111/15;EPDM PARA ADHESIÓN;3818,2173;75;
EPDM N 111/16;EPDM PARA ADHESIÓN;3950,3475;60;
EPDM N 111/17;Epdm resistente a Acidos;3503,7926;75;
EPDM N 111/19;Epdm resistente a Acidos;3984,6406;60;
EPDM N 111/20;EPDM PARA ALTA TEMPERATURA PRENSA;3955,8253;60;
EPDM N 111/21;Epdm resistente a Acidos TÚNEL;3485,1762;65;
EPDM N 111/5;EPDM PARA ALTA TEMPERATURA;3878,0604;70;
EPDM N 111/6;EPDM PARA ALTA TEMPERATURA TÚNEL;5519,595;60;
EPDM N 111/6 REV. 1;EPDM PARA ALTA TEMPERATURA TÚNEL;4032,5945;60;
EPDM N 111/6 REV.2;EPDM PARA ALTA TEMPERATURA TÚNEL;4755,1854;60;
EPDM N 111/6P;EPDM PARA ALTA TEMPERATURA PRENSA;3865,6443;60;
EPDM N 111/6P1;EPDM PARA ALTA TEMPERATURA PRENSA;4220,7176;60;
EPDM N 111/6P2;EPDM PARA ALTA TEMPERATURA PRENSA;5122,7299;60;
EPDM N 111/6P3;EPDM PARA ALTA TEMPERATURA PRENSA;4192,1065;60;
EPDM N 111/6p4;base ccj;5742,6091;60;
EPDM N 111/7;ALTA TEMPERATURA curado c peroxido (probar airblock);3830,2792;70;
EPDM N 111/8;EPDM PARA ALTA TEMPERATURA PRENSA (-);4730,9095;60;13/11/19 - Nueva formula con caucho Mit Sui.
EPDM N 111/8 REV.1;EPDM PARA ALTA TEMPERATURA PRENSA (-);4033,0365;60;
EPDM N 112/1;EPDM CON PROPIEDADES AUTOEXTINGUIBLE. PARA TRENES ARG.;6225,5245;60;28-6-19 - Formula desarrollada para cumplir propiedades autoextinguible.(Trenes)
EPDM N 112/2;EPDM BAJO EN HUMO/IGNIFUGO;4410,6573;65;
EPDM N 113/1;ESPONJA MIT SUI;2962,6582;15;23/8/19 - Esponja con cauchos Mit Sui.
EPDM N 113/2;ESPONJA MIT SUI;2859,3448;25;23/8/19 - Esponja con cauchos Mit Sui.
EPDM N 113/3;ESPONJA MIT SUI;2477,6615;35;23/8/19 - Esponja con cauchos Mit Sui.
EPDM N 116/1;Esponja de Acindar;3574,1994;20;
EPDM N 118/3;Epdm para baja Temperatura -45? C;3869,3964;65;
EPDM N 118/3p;baja temperatura;3874,7654;65;
EPDM N 118/3RB;Epdm para baja temperatura;3315,3793;65;
EPDM N 118/7;Epdm para baja Temperatura -45? C;3820,8114;70;
EPDM N 118/8;Epdm para baja Temperatura -45? C Túnel;3927,2478;65;
EPDM N 118/8 a;Epdm para baja Temperatura -45? C Túnel prueba 1 ;3959,7509;65;
EPDM N 118/8 RB;Epdm para baja Temperatura -45? C Túnel RB;3358,5706;65;
EPDM N 118/9;Epdm para baja Temperatura -45? C autoclave;3903,8337;60;
EPDM N 120/1;Esponja epdm prueba;5319,39;15;
EPDM N 130/1;EPDM DURO;6125,1064;75;
EPDM N 130/2;EPDM DURO;5990,4458;78;
EPDM N 130/3;EPDM DURO;5889,7265;80;
EPDM N 130/4;EPDM DURO;5786,9875;83;
EPDM N 136 DESA;EPDM BARATO;2782,3914;70;
EPDM N 136 ECO;INTERMADIO ECO;2307,5741;70;
EPDM N 136/10;CCJ INTERMEDIO PARA TÚNEL;3815,1399;77;
EPDM N 136/11;CCJ INTERMEDIO PARA TÚNEL Rev 3;3763,8853;70;
EPDM N 136/11R0;CCJ INTERMEDIO PARA TÚNEL Rev 0;3801,5662;73;
EPDM N 136/11R1;CCJ INTERMEDIO PARA TÚNEL Rev 1;3792,8273;70;
EPDM N 136/11R2;CCJ INTERMEDIO PARA TÚNEL Rev 2;3774,4646;70;
EPDM N 136/2;INTERMEDIO MIT SUI;2914,1469;70;22/8/23: Modificación de 31 a 41 PHR de Aceite NM 202 (Para uso con óxido de zinc activo, sino aumentar a 36 PHR)
EPDM N 136/2 Rev.1;CCJ INTERMEDIO Rev. 1(-);3784,9868;73;
EPDM N 136/2 Rev.2;INTEMEDIO MIT SUI;2910,1646;73;
EPDM N 136/20;INTERMEDIO ECONOMICO;2192,3595;70;
EPDM N 136/27;CCJ BC;2360,1542;70;
EPDM N 136/2Ca;CCJ Intermedio Causer;3896,9494;70;
EPDM N 136/2CAU;EPDM Intermedio Causer;3898,1768;73;
EPDM N 136/2iR0;EPDM Intermedio Isisa Rev.0;3078,9245;73;
EPDM N 136/2isi;EPDM Intermedio Isisa Rev.1;3068,8698;73;
EPDM N 136/2R0;CCJ INTERMEDIO Rev. 0;3781,0856;73;
EPDM N 136/2sin;CCJ INTERMEDIO;3781,0856;73;
EPDM N 136/8;CCJ INTERMEDIO PARA ADHESION;3367,5862;65;
EPDM N 136/8 Rev.1;CCJ INTERMEDIO PARA ADHESION;3767,4469;73;
epdm n 136/85;fkkkfkfk;4717,6396;60;
EPDM N 136/9;CCJ INTERMEDIO TÚNEL MIT SUI;2923,827;73;02/12/2022 - Nueva revisión con cambio de caucho.
EPDM N 136/9 EDTA;CCJ COMÚN BP;2825,1479;65;
EPDM N 136/9 EDTA NC;CCJ COMUN BP;3742,143;65;23/7/19 - Nueva formula según EPDM N 136/9 con ajuste en aceleración y carga.
EPDM N 136/9 Rev. 1;CCJ INTERMEDIO PARA TÚNEL(-);3806,9271;73;
EPDM N 136/9 Rev. 2;CCJ INTERMEDIO TÚNEL MIT SUI;2946,6102;73;
EPDM N 136/9 Rev.3;CCJ INTERMEDIO TÚNEL MIT SUI;2946,6102;73;
EPDM N 136/9isi;CCJ INTERMEDIO PARA TÚNEL;3098,2657;70;
EPDM N 137/10;EMPASTE SUNGREEN (ISISA);3289,5214;70;
epdm n 137/2;Sungreen;153,2561;55;
epdm n 137/3;Sungreen;272,5456;65;
epdm n 137/4;Sungreen;4616,1596;70;
epdm n 137/4B;Sungreen + 10 PHR FEF;4571,1968;70;
epdm n 137/5;Sungreen-iNTERCONECTORES;4624,5967;70;
EPDM N 138/1;EPDM TUNEL CON CARGA;3406,3962;72;
EPDM N 138/2;EPDM TUNEL CON CARGA;3399,111;65;
EPDM N 138/3;EPDM TUNEL CON CARGA;3338,5668;55;
EPDM N 140/1;BICOMPONENTE CON BASE DE CAUSER;7753,9065;35;
EPDM N 140/1 rev 2;BICOMPONENTE CON BASE DE CAUSER;8089,3264;35;
EPDM N 140/1 REV2;ESPONJA BASE CAUSER;7903,1099;35;
EPDM N 140/1R0;Esponja Base Causer Rev.0;8295,5234;15;
EPDM N 140/2;ESPONJA BICOMPONENTE MAS MEMORIA;7703,9816;30;
EPDM N 150/1;EPDM COMUN LUIS VALENTI;3904,674;85;
EPDM N 150/2;CCJ SIN CARGA PARA ADHESIÓN TUNEL Rev.1;5601,6648;85;
EPDM N 150/2R0;CCJ SIN CARGA PARA ADHESIÓN TUNEL Rev.0;5607,1674;85;
EPDM N 200/1;ESPONJA DE EPDM LUIS VALENTI numero 2;3439,5697;15;
EPDM N 2060 M;MIT SUI 2060 M;3123,6795;70;
EPDM N 300/1;EPDM DUREZA 50 SIN CARGA;4500,5085;50;
EPDM N 300/1 AUTOCLA;EPDM DUREZA 50 SIN CARGA/ EX 105/8;4639,7714;50;
EPDM N 300/2;EPDM DUREZA 60 SIN CARGA;4573,122;60;
EPDM N 300/2 AUTOCLA;EPDM DUREZA 60 SIN CARGA AUTOCLAVE;5138,8304;60;
EPDM N 300/3;EPDM D: 65 S/C similar EPDM 101/3;4752,675;65;
EPDM N 300/3 AUTOCLA;EPDM D: 65 S/C similar EPDM 101/3 AUTOCLAVE;5007,871;65;
EPDM N 300/4;EPDM DUREZA 70 SIN CARGA;4151,2823;70;
EPDM N 300/5;EPDM S/CARGA (SIMILAR 100/55);5402,4209;60;31/05/22 - Nueva formula con cauchos Mit Sui.
EPDM N 301/2;EPDM DUREZA 60 CON CARGA;3836,219;60;23/10/23: Cambio en cantidad de aceite (30 a 35.6 PHR)
EPDM N 301/2 AUTOCLA;EMPASTE SIMILAR EPDM N 100/34 AUT;3836,237;60;13/01/22 - Formula para autoclave
EPDM N 301/3;EPDM DUREZA 65 CON CARGA;3855,9049;65;
EPDM N 3110;MIT SUI 3110;2671,092;70;
EPDM N 400/1;ESPONJA PARA TAMBORES ;4579,6752;15;DUREZA: 15 shA          Peso x mts diametro 11: 59.50g   Tiempo de Vulcanización: 7 min. a 190?C                                                                                                                
EPDM N 4070;MIT SUI 4070;3119,7303;70;
EPDM N 500/1;ESPONJA BLANDA D:15;5623,9922;15;
EPDM N 500/2;Esponja túnel Ex 109/16 Liliana;4153,7908;35;
EPDM N 500/2 Rev.1;Esponja túnel  EX 109/16 LILIANA;4047,7341;35;
EPDM N 500/3;ESPONJA D:30 PARA PLA;5467,2843;30;11/05/22 - Nueva formula.
EPDM N 500/5;ESPONJA CON VACA MUERTA;4412,4892;15;
EPDM N 500/5 REV.1;ESPONJA VACA MUERTA;4396,392;15;
EPDM N 500/5 REV.2;ESPONJA VACA MUERTA;3960,5583;15;
EPDM N 500/5 REV.3;ESPONJA VACA MUERTA;4702,3865;15;
EPDM N 8030 M;MIT SUI 8030 M;3396,7541;15;
EPDM N 9090 M;ESPONJA MIT SUI ;3937,6669;15;
EPDM N 9090 M Rev 4;MIT SUI 9090;3879,1268;15;4/6/20 - Nueva revisión para ajustar dureza.
EPDM N 9090 M Rev.1;MIT SUI 9090 M;3270,245;15;
EPDM N 9090 M Rev.2;MIT SUI 9090;3788,9715;15;
EPDM N 9090 M REV.3;MIT SUI 9090;3804,5741;15;3/10/19 - Nueva revisión con aceite parafinico.
EPDM N 9090 M Rev.5;ESPONJA MIT SUI 9090;3867,4856;15;
EPDM N 9090 M Rev.6;ESPONJA MIT SUI 9090;3884,1559;15;20/04/22 - Nueva formula con 3110 y 8030
EPDM N 9091 M;ESPONJA DURA;3536,3051;50;21/4/20 - Nueva formula con caucho Mit Sui.
EPDM N KEP902;ESPONJA CON KEP 902 N;4328,207;15;19/07/22 - Nueva formula con KEP 902 N. 22/12/23 - Modificación de Aceite HP 150 (de 30 a 29 PHR). 21/2/24 - Modificación de Aceite: 29 a 30.6 PHR -------13/3/25  SE CAMBIA EL MICROPOR  DN   POR BLOWER 200
EPDM N KEP902 REV.1;ESPONJA CON KEP 902 N;4435,4193;15;19/07/22 - Nueva formula con KEP 902 N. 22/12/23 - Modificación de Aceite HP 150 (de 30 a 29 PHR). 21/2/24 - Modificación de Aceite: 29 a 30.6 PHR ----13/3/2025 SE CAMBIA EL MICROPOR DN POR BLOWER     
EPDM REC;EPDM RECUPERADO;6148,8;70;
EPDM y1808;CCJ PRENSA;5717,6759;75;
ESP.TUNEL;ESPONJA PARA TUNEL;3723,1255;15;
ESPEPDMVIC;PRUEBA KELTAN 96;5340,1121;15;
ESPONJAVAL;ESPONJA DE EPDM LUIS VALENTI;3387,5832;15;
ESPONJAVAL2;ESPONJA DE EPDM LUIS VALENTI numero 2;3439,5697;15;
Fluor;Fluorsilicona;95818,7126;60;
GOMAPAZ;Planchas de acrilico con tela;5607;70;
intermedio;Cuando el empaste viene mas blando;3072,9124;70;
isisa epdm;Aceleración;3048,9884;70;
MAND;mandrilado secador;2601,3128;60;
Mastfil;barata;2340,8444;60;
NEO 100/1;Neopreno;6089,616;70;
NEO 500/1;Neopreno;13982,1112;70;17/09/21 - Nueva formula con empaste de Rinaldi.
NEO 500/1 REV. 1;Neopreno;6089,616;70;
NEO 500/10;Compuesto para Junta de dilatación;6304,9696;70;
NEO 500/11;Compuesto para Junta de dilatación;12016,5354;60;17/09/21 - Nueva formula con el empaste de Rinaldi
NEO 500/11 Rev.1;Compuesto para Junta de dilatación;5587,3502;60;
NEO 500/12;Nepreno para adhesión;5470,9788;70;
NEO 500/13;Nepreno para adhesión PRENSA;5470,9788;75;
NEO 500/14;COMPUESTO AUTOEXTINGUIBLE TUNEL;5683,735;60;
NEO 500/2;NEO VERDÚ;5499,717;70;
NEO 500/2-B;NEO VERDÚ;12485,0421;70;
NEO 500/7;NEO VERDÚ;6179,5808;55;
NEO 501/1;Cloropreno ácidos sulfúrico y fórmico;5205,0508;50;
NEO 501/2;Cloropreno ácidos sulfúrico y fórmico;6246,5803;45;
NEO 503/1;NEOPRENO YACIRETA;8421,2677;80;
NEO 503/1 Rev. 1;Neopreno tunel yacireta;4934,2919;80;
NEO 503/2;Neopreno yacireta;5078,3945;78;
NEO 508/4;Neopreno blanco;4809,1382;60;
NEO 539/1;Esponja de Neopreno para túnel;5692,3242;7;
NEO 539/5;Esponja de Neopreno para túnel;5394,0706;35;
NEO 539/6;Esponja de Neopreno para túnel;4418,2271;35;
NEO 539/7;Esponja de Neopreno para túnel;5527,7116;25;
NEO 539/8;Esponja de Neopreno para túnel;5487,7183;15;
NEO 539/9;Esponja Auto-extinguible túnel.;5664,0564;25;
NEO 557/4;Neopreno blanco;6653,845;50;
NEO 557/4b;Neopreno blanco;6622,1165;50;
NEO 557/5;Neopreno blanco;6432,1542;35;
NEO 563/3;Neopreno Blanco;4866,1485;70;
NEO 564/1;Esponja de Neopreno Blanco - Rev 1;6201,334;15;
NEO 564/1-Rev0;Esponja de Neopreno Blanco;6476,9133;15;
NEO 580/1;Neopreno blanco prueba Prensa adhesión;4781,7668;60;
NEO 581/1;CEMENTO DE CONTACTO RB;8148,2621;65;
NEO 582/1;Compuesto para insadi sello plano 1/2 mariposa;7261,2428;70;
NEO 582/2;Compuesto para Yaciretá - Prensa Rev.1 Migraba probar ;6998,7127;70;
NEO 582/2Rev.0;Compuesto para Yaciretá - Prensa Rev.0;7005,4786;70;
NEOPRENO 210;NEOPRENO 210;5884,7149;60;empaste neopremo Rinaldi
Neopreno base;Neopreno base GR;11203,7237;70;
No Migre;CCJ INTERMEDIO PARA TÚNEL Rev 2;3774,4646;70;
NR 100/550 BASE;EMPASTE DE CAUSER;3455,2293;70;causer nr n 100/550 base
NR 112/1 (TSF);ESPONJA NATURAL SIN FACTIS;2401,4834;15;
NR C 100/1;SANITARIA BLANCA D:60;2472,3356;60;
NR C 100/10;SANITARIA ROJA D:60;2527,3235;60;
NR C 100/11;SANITARIA AZUL D:60;2509,1106;60;
NR C 100/15;SANITARIA BLANCA D:60;2378,9837;60;
NR C 100/16;SANITARIA BLANCA D:70/75;2329,6008;70;
NR C 100/17;SANITARIA LADRILLO  D:55;2769,0491;55;
NR C 100/19;SANITARIA AMARILLA D:70/75;2428,6523;70;
NR C 100/1P;SANITARIA BLANCA PRENSA D:60;2472,3356;60;
NR C 100/2;SANITARIA BLANCA D:66;2511,036;66;
NR C 100/3;SANITARIA GRIS D:60;2425,5047;60;
NR C 100/5;SANITARIA BLANCA D:70;2428,6523;70;
NR C 100/6;SANITARIA BLANCA D:63;2592,0937;63;
NR C 100/7;Sanitaria para gurdera del lateral cinta transportadora cot N?33 Diego 20 de marzo de 2019 ;3471,6261;45;
NR C 103/6;Natural para Pool Rev.1;3098,5357;50;
NR C 103/6Rev0;Natural para Pool Rev.0;3099,4446;50;
NR C 105/1;Goma Muy elastica;4023,4514;35;
NR C 105/7;Goma Muy elastica;3370,9626;35;
NR C 116/1;Mangos Blanco;2847,9284;55;
NR C 118/1;Discos Blancos;2814,45;70;17/8/21 - Nueva revisión debido a mala dispersión de la resina de estireno.
NR C 118/1 REV.1;Discos Blancos;3020,8297;64;
NR C 118/2;Discos Blancos;3356,9635;85;
NR C 119/1;Pasacables Blanco D:50;2538,4877;50;
NR C 124/1;NATURAL BLANCO ;3273,0495;55;
NR C 128/1;Natural Blanco resistente a la abrasión;3961,8086;65;
NR C 132/21;EPDM NATURAL GRIS;2269,6794;65;
NR C 136/1;Natural Rojo;4264,567;35;
NR C 143/1;COmpuesto para bandas de pool;3726,3244;10;
NR N 100/1;Bisagra con factis (-);4910,6465;55;10/12/2021 - Nueva formula com mp de causer
NR N 100/1 GR;Natural;7116,6428;55;
NR N 100/1 REV.1;Bisagra con factis (-);3863,1778;55;
NR N 100/1 Rev.2;Bisagra con factis (-);9113,615;55;08/11/19 - Nueva formula según empaste de causer.
NR N 100/10;Bisagra ;3917,5056;80;
NR N 100/10 ALM/CAU;BISAGRA CON MAS % DE CAUCHO NR;5498,6204;70;
NR N 100/10 ALMET;BISAGRA CON MAS % DE CAUCHO NATURAL;8700,622;70;
NR N 100/10 CAU Rev1;Bisagra con empaste de causer;5037,11;75;
NR N 100/10 CAUSER;Bisagra con empaste de causer;5005,7857;77;
NR N 100/10GR;BISAGRA BASE GR ;8878,8991;70;
NR N 100/10GRC;Bisagra ;5339,6459;80;
NR N 100/11;Bisagra sin factis;3547,6286;66;
NR N 100/12;D 70 para tubos chatos almet en túnel 27/10/2020;5434,7778;70;27/10/20 - Nueva formula según NR N 100/12 Rev 2, con ajuste en dureza.
NR N 100/12 REV 1;D 80 para tubos chatos almet en tunel 20-03-2019;5259,2534;80;
NR N 100/12 Rev.2;D 70 para tubos chatos almet en tunel 27-08-2019;3786,8459;70;27/08/19 - Nueva formula según NR N 100/12 Rev 1, con ajuste en dureza.
NR N 100/13;Bisagra con factis;3474,9528;50;
NR N 100/13 GR;Natural;7178,8412;50;
NR N 100/16;Bisagra para prensa;4007,2286;80;
NR N 100/1P;Bisagra con factis para prensa;3848,9665;55;
NR N 100/2;BISAGRA NVA SIN NEGRO ( NR N 100/1);4194,2078;60;27/08/19 - Nueva formula a partir de master para no incorporar negro de humo en fabrica.
NR N 100/23;Propiedades a bajas temperaturas Prensa;3709,4187;80;
NR N 100/25;Bisagra para prensa;3454,0501;60;
NR N 100/26;Bisagra mayora resilencia;4061,8496;55;
NR N 100/3;BISAGRA CON FACTIS;7614,752;60;
NR N 100/3 ALMET;BISAGRA CON MAS NATURAL;5474,649;60;30/12/21 - Nueva formula para mejorar propiedades mecanicas. Tracción 19 Mpa Elogación: 500% y Desgarro 97 N/mm
NR N 100/3 ALMET2;BISAGRA CON MAS NATURAL;9050,0457;60;29/11/2022 - Nueva formula con NR 100/3 de causer
NR N 100/3 CAUSER;Bisagra con factis;3916,0082;60;A causer se le pide NR N 100/3 base
NR N 100/3 GR;NATURAL;7614,752;60;Tiempo
NR N 100/3 GR REV. 1;Natural;6960,9987;60;
NR N 100/3 REV 1;Bisagra con factis;3916,0082;60;
NR N 100/3 TUNEL;NUEVA FORMULACIÓN PARA TÚNEL;6397,493;65;
NR N 100/3 TUNELREV1;NUEVA FORMULACIÓN PARA TÚNEL;6303,2475;60;
NR N 100/36;Bisagra;3497,8391;64;
NR N 100/37;Bisagra para prensa;2823,2279;55;
NR N 100/38;Bisagra para adhesión;3139,7888;55;
NR N 100/39;Bisagra ;4085,8893;80;
NR N 100/39 GR;Natural prensa;5045,3439;50;
NR N 100/3grc;Bisagra con factis;5343,647;60;
NR N 100/4;Bisagra sin Factis;7656,1574;60;
NR N 100/4 Rev.1;Bisagra sin factis;3486,8161;60;
NR N 100/40;Natural para adhesión Prensa;4820,4076;70;
NR N 100/40 GR;Natural prensa adhesion;4698,1256;70;
NR N 100/40 REV.1;Natural para Prensa Adhesión;3300,5572;70;
NR N 100/5;Bisagra;3987,8678;70;
NR N 100/5 GR;BISAGRA SIN NEGRO DE HUMO.;4258,4795;70;
NR N 100/5 GR REV.1;Natural;6903,2677;70;
NR N 100/6;Bisagra;3988,8873;72;
NR N 100/9;Bisagra ;4045,8765;70;
NR N 102/1;Tira de cámara;2945,872;65;
NR N 102/2;Tira de cámara;2931,149;55;
NR N 103/1;N? 27 DURA;5409,2686;65;
NR N 103/1 Rev. 1;N? 27 DURA;3779,8044;65;
NR N 103/1 Rev.3;N? 27 DURA;5141,6875;65;9/9/21 - Nueva revisión para mejorar hinchamiento.
NR N 103/10;N? 27 DURA  Tunel modif 29/07;3780,6569;65;
NR N 103/11;N? 27 DURA para adhesión;3727,037;65;
NR N 103/11b;N? 27 DURA para adhesión mejora adhesion 17/07/15;3751,3241;65;
NR N 103/12;N? 27 DURA para prensa;3771,3844;70;
NR N 103/13;N? 27 DURA para prensa No manchante ADHESION;3757,1562;65;
NR N 103/2;N? 27 BLANDA;3692,9699;54;
NR N 103/3;N? 27 ;3746,4788;62;
NR N 103/4;N? 27 Revisión 1 - 02/08/2017;3768,234;70;
NR N 103/4Rev.0;N? 27 ;3768,7631;70;
NR N 103/5;NATURAL N? 27 PARA ADHESIÓN;3717,3499;70;
NR N 103/7;Bisagra;3757,9243;65;
NR N 103/8;N? 27 DURA;3731,1919;80;
NR N 103/9;N? 27 DURA;3700,4082;45;
NR N 106/1;Compuesto 1808 sin carga;4954,737;65;
NR N 106/2;SBR ;4433,662;60;
NR N 106/3;SBR ;4708,2689;70;
NR N 106/4;SBR Sin carga para adhesión;5002,0001;65;
NR N 106/5;Compuesto 1808 sin carga;4433,662;65;
NR N 106/7;Compuesto 1808 sin carga;4919,7824;65;
NR N 110/1;Natural para bujes;2633,152;75;
NR N 111/1;Natural para amortiguador;3534,2152;85;
NR N 112/1;ESPONJA COMÚN-Rev.2;3255,4615;15;
NR N 112/1 (T);16/1/19 - formula para tunel con menos esponjante;2574,0273;15;
NR N 112/1 Rev.3;ESPONJA COMÚN-Rev.2;3074,8514;15;
NR N 112/1-ISI;Esponja natural isisa;4552,5162;15;
NR N 112/1-Rev1;ESPONJA COMÚN;3001,1927;15;
NR N 112/12;ESPONJA MAS DURA MIT SUI;3578,5939;30;20/12/2021 - Nueva revisión con epdm 547.
NR N 112/12 Rev. 1;ESPONJA COMÚN MAS DURA;2657,9753;30;
NR N 112/12 Rev.2;ESPONJA MAS DURA MIT SUI;3712,1997;30;20/9/19 - Nueva formula con caucho Mit Sui.
NR N 112/12-ISI;Esponja natural isisa;4106,6416;30;
NR N 112/13;ESPONJA COMÚN MAS DURA;2641,1238;40;
NR N 112/13 C;Esponja natural Causer;3567,9041;70;
NR N 112/14;Esponja Natural Gris;2942,8652;20;
NR N 112/15;ESPONJA COMÚN MAYOR CALIDAD;3193,4081;15;
NR N 112/16;ESPONJA COMÚN MUestra para EPTA;3510,8984;15;
NR N 112/1a;ESPONJA COMÚN;2386,4826;15;
NR N 112/1R2;ESPONJA COMÚN-Rev.2;3045,1094;15;
NR N 112/1Rev0;ESPONJA COMÚN Rev.0;2806,4731;15;
NR N 112/1Rev1;ESPONJA COMÚN-Rev.1;3001,1927;15;
NR N 112/1sf;ESPONJA COMÚN  SIN FACTIS - SIN 4020 Rev.2;2612,0751;15;
NR N 112/1sfR0;ESPONJA COMÚN  SIN FACTIS - SIN 4020 Rev.0;2636,7465;15;
NR N 112/1sfR1;ESPONJA COMÚN  SIN FACTIS - SIN 4020 Rev.1;2637,7835;15;
NR N 112/1Tunel;ESPONJA COMÚN TÚNEL;2798,7052;15;
NR N 112/2;ESPONJA COMÚN;3092,8399;20;
NR N 112/3;ESPONJA COMÚN TÚNEL;2808,5941;15;
NR N 112/3 BASE;ESPONJA COMÚN TÚNEL BASE DES;2554,3149;15;
NR N 112/3Rev0;ESPONJA COMÚN TÚNEL Rev.0 Salió Dureza 30;2798,7052;15;
NR N 113/1;ESPONJA NATURAL;3785,3169;15;
NR N 113/1 rev 1;ESPONJA NATURAL ;3338,3938;15;
NR N 113/1 REV 2;Esponja Natural;3567,0583;15;
NR N 116/1;Compuesto Natural Esparragos;4996,7144;30;
NR N 117/1;Bisagra;4573,5964;70;
NR N 118/1;Resistente a la abrasión ;3587,8966;90;
NR N 119/2;Compuesto Natural;4312,2032;40;
NR N 119/2 Rev.1;Compuesto Natural;3878,582;40;15-03-2021 se cambió el negro por el empaste .
NR N 131/1;MUY BUENA RESISTENCIA AL COLAPSO;3863,4757;62;
NR N 133/1;Muy buena resistencia al colapso;3863,4757;60;
NR N 133/10;Muy buena abrasión prensa;3651,0015;60;
NR N 133/14;Natural para Túnel;4063,6668;60;
NR N 133/6;Muy buena abrasión;5346,4833;60;29/10/21 - Nueva formula sin negro de humo.
NR N 133/6 Rev.1;Muy buena abrasión;3637,8882;60;
NR N 134/1;Natural para liezas de rodillos de alto impacto;4655,2801;50;
NR N 134/1 Rev. 1;Natural para piezas de rodillo de impacto (-);3878,9788;50;
NR N 134/2;Natural para piezas de rodillo de impacto;3666,1893;70;
NR N 134/3;Natural para piezas de rodillo de impacto;3679,5454;75;
NR N 134/5;Natural para piezas de rodillo de impacto;3801,5429;60;
NR N 136/1;NR Crucijuegos;4948,9896;85;
NR N 136/1 Rev.1;NR Crucijuegos;3757,1885;85;
NR N 136/2;NR Crucijuegos;3803,9906;75;
NR N 136/5;Natural para buje;3943,0882;85;
NR N 136/6;Natural para buje prensa;4427,0521;85;
NR N 138/3;Compuesto Natrural Prensa;2793,994;55;
NR N 142/1;Natural para tacos de motor;4071,375;60;
NR N 145/1;COMPUESTO NATURAL ANTIESTATICO;3106,4193;60;15/5/19 - Mezcla desarrollada para NCA, compuesto antiestatico.
NR N 146/1;1606;3262,6591;61;
NR N 147/1;Exigida dinamicamente;4207,56;35;
NR N 152/1;Natural para shell;2337,2529;80;
NR N 153/1;SBR Secador;3333,0133;61;
NR N 153/2;SBR Secador 2;3152,459;61;
NR N 160/1;Compuesto SBR para prensa;2867,8723;40;
NR N 160/5;Esponja natural para prensa;3226,7041;25;
NR N 161/1;SBR p abrasion;5040,4606;67;
NR N 161/10;SBR p abrasion PRENSA;4903,4896;67;
NR N 161/2;T Basculas Gama;5633,6856;70;27/09/19 - Nueva Formulación.
NR N 161/2 Rev.1;T Basculas Gama;3773,4732;70;
NR N 162/0;SBR DEFENSA BOTAZO D 60;8151,9299;60;12-01-2021 SE CARGA NUEVA REVISIÓN CON MASTER 1502
NR N 162/0 rev 1;sbr defensa botazo;5137,2201;60;
NR N 163/0;Defensa de muelle Botazo;3879,8928;60;
P;S;19833,3486;27;
phillips;silicona negra 50 phr carga;6121,9394;60;
phillips2;silicona gris 50 phr carga;6088,7515;60;
prueba;esponja;8894,2223;10;
prueba 3;esponja 112/13;2375,8148;40;
SBR 100/1;SBR;2986,5209;65;
SBR 100/2;SBR RESISTENCIA A LA ABRASION;3360,6047;85;
SBR 100/3;MEZCLA 70% SBR/ 30% EPDM PARA PERFILES INDUSTEC;3845,4186;65;26/10/23 - Modificación de 20 a 21 PHR de NM 202.
SBR 100/3 REV.1;MEZCLA 70% SBR/ 30% EPDM PARA PERFILES INDUSTEC;4384,3218;65;
SBR 100/4;SBR + EPDM;3923,4829;70;
SBR C 100/1;SBR CLARO CON BUENA ABRASIÓN;6360,7621;65;
SBR DES 100;SBR 100 TUNEL;2493,8533;20;
SBR GR;EMPASTE PROVISTO POR GR CAUCHO;1260;60;
SBR Ignifuga;cotizacion;5841,9113;64;
SBR N 101/1;MEZCLA DE SBR PARA CARROS FRIAR;5652,9783;60;21/5/19- Compuesto desarrollado para ruedas de carros del cliente FRIAR. (Peso de carro lleno 3000 kg)
SBR N 101/2;MEZCLA DE SBR PARA LOBULOS FRIAR;5617,2653;75;21/5/19- Compuesto desarrollado para lobulos del cliente FRIAR. 
sil ficticia;silicona silmulada a 4 dolares;5602,5605;60;
SILICONA ROJA55;Silicona roja estabilizada;14127,7943;55;
Silicona20;silicona con 70 phr carga;13618,5429;40;
Silicona20b;silicona con 80 phr carga;12927,2181;40;
Silicona20c;silicona con 100 phr carga;11750,4223;40;
silicona25;Silicona con 70 phr carga;9566,7061;40;
silicona25b;Silicona con 80 phr carga;9098,6231;40;
silicona25c;Silicona con 100 phr carga;8301,8366;40;
silicona40;silicona cargada 70 phr;5514,8694;40;
silicona40b;silicona cargada 80 phr;5270,028;40;
silicona40c;silicona cargada 100 phr;4853,2511;40;
silinegra20;silicona negra cargada;7366,524;60;
silinegra50;silicona negra cargada;6121,9394;60;
silinegra80;silicona negra cargada;5288,2217;60;
STOCK;Burlete en Stock;6148,8;80;
SV 100/10Cau;Silicona Blanca D:60;7558,7773;60;
SV 100/10CH;Silicona Blanca China;8239,2835;60;
SV 100/10E;Silicona Blanca Elastosil;7966,0242;55;
SV 100/11;Silicona Marrón Haya;7545,9343;60;
SV 100/12;Silicona Marrón Peral;8481,6077;60;
SV 100/13;Silicona Blanca Túnel;6079,4795;60;
SV 100/14;Silicona marron Peral mas cargada;6276,6058;70;
SV 100/15;Silicona Gris  D:60;6100,0325;60;
SV 100/16;Silicona D:60 50 Phr Carga incolora no sirve ensucia la maq;6101,5187;60;
SV 100/17;SILICONA BLANCA PRENSA;6198,277;60;
SV 100/2;Silicona para prensa Negro;8586,2341;32;
SV 105/10;Silicona Gris  prensa Revisión 3;7813,9074;60;
SV 105/10R0;Silicona Gris prensa Revisión 0;7813,9074;60;
SV 105/10R1;Silicona Gris prensa 50% mgsil Revisión 1(quedaba muy gris);5714,6065;60;
SV 105/10R2;Silicona Gris azulado prensa 50% mgsil Revisión 2(Salia mal);5993,175;60;
SV 105/10RV0;Silicona Gris prensa;7790,4997;60;
SV 105/1c;Silicona Gris;7789,5028;60;
SV 105/1cA;Silicona Gris;7774,4612;60;
sv 105/3;Silicona Gris;7769,1661;40;
SV 105/3T;Silicona Gris Túnel;8564,0367;40;
SV 105/4;Silicona Gris para túnel;8829,5229;60;
SV 105/4T;Silicona Gris para túnel;8829,5229;60;
SV 105/5;Silicona Gris Túnel Rev.1;8566,7743;60;
SV 105/5Rev.0;Silicona Gris Túnel Rev.0;8568,901;60;
SV 105/6;Silicona Gris Túnel;8576,8586;63;
SV 105/6carga;Silicona Gris Túnel cargada rpueba;6870,7797;63;
SV 105/6Rev.0;Silicona Gris Túnel Rev.0;8579,1093;63;
SV 105/7;Silicona Gris para túnel;8834,7123;65;
SV 105/8;Silicona Gris prensa Revisión 1;7799,394;60;
SV 105/8R0;Silicona Gris prensa Revisión 0;7792,447;60;
SV 106/1;Silicona Celeste Túnel;8796,7347;60;
SV 106/10;Silicona Azul claro Autoclave;7918,7869;62;
SV 106/11;Silicona Azul claro Túnel;8704,1762;55;
SV 106/12;Silicona Roja DS 30 Túnel;8890,9901;55;
SV 106/13;Silicona Azul Oscuro Autoclave acel túnel;9103,5612;65;
SV 106/13Rev0;Silicona Azul Oscuro Autoclave Rev.0;8058,0707;65;
SV 106/14;SILICONA AZUL CLARO TÚNEL;12207,2599;70;
SV 106/15;Silicona Blanca Túnel;8499,0348;70;
SV 106/16;Silicona AZUL CLARO Túnel;8704,1762;60;
SV 106/17;Silicona Azul oscuro Túnel;8840,0985;70;
SV 106/18;Silicona Celeste Túnel;10546,5635;75;
SV 106/19;Silicona Celeste ;9613,2598;75;
SV 106/2;Silicona Celeste ;8052,7137;65;
SV 106/20;Silicona Azul Oscuro ;8840,0985;65;
SV 106/21;Silicona azul para túnel;8840,0985;65;
SV 106/21 Rev. 1;Silicona Celeste para Túnel;8833,6249;65;
SV 106/21CH;Silicona Celeste para Túnel china;9619,207;65;
SV 106/22;SILICONA AZUL OSCURO D:80;11026,7328;80;
SV 106/23;Silicona Azul d.35 prensa;10783,1295;35;
SV 106/3;Silicona Celeste;9789,6225;60;
SV 106/5;Silicona Azul Oscuro Túnel;9103,5612;60;
SV 106/6;Silicona Azul claro Túnel;8704,1762;62;
SV 106/7;Prueba vulcanizacion azul tunel;8840,0984;65;
SV 106/8;Silicona Azul;8840,0984;65;
SV 106/9;Silicona Azul claro Túnel;8704,1762;70;
SV 107/1;Silicona Gris Túnel;8827,8058;60;
SV 107/2;Silicona MARRON Túnel;8495,9034;60;
SV 107/2Cau;Silicona MARRON Túnel Causer;8495,9034;60;
SV 112/1;Silicona para tiras Lipari prensa 922 Y 930;8581,3132;27;
SV 112/1(20/70);Silicona para tiras Lipari prensa;8581,3132;27;
SV 112/1ALT;Silicona incolora prensa;11181,3926;27;
SV 112/1B;Silicona para tiras Lipari prensa;8581,3132;27;
SV 112/1C;Silicona para tiras Lipari prensa;8481,2139;27;
SV 112/1E;Silicona incolora Lipari con elastosil;13781,4721;27;
SV 112/1F;Silicona incolora Lipari 100% elastosil;21581,7104;25;
SV 112/1Rev.0;Silicona para tiras Lipari prensa Rev.0;8581,3132;27;
SV 112/2;Silicona incolora solo prensa;8581,3132;70;
SV 112/3;Silicona para tiras Lipari prensa 922 Y 930;8581,3132;25;
SV 112/3 vieja;Silicona para tiras Lipari prensa;8581,3132;25;
SV 112/3ECH;Silicona incolora para prensa Elastosil/China;18981,631;25;
SV 113/1;Vitón Calor seco - Aceites;60435,7064;75;
SV 113/11;Vitón Extrusión;78141,8677;65;
SV 113/11 Rev.1;Vitón Extrusión;76059,2231;65;
SV 113/12;VITON EXTRUSION;60167,4306;72;16/07/21 - Nueva formula.
SV 113/2;Vitón Calor seco - Aceites;67699,2676;78;
SV 113/3;Vitón Junta Val mariposa Aes;50647,9485;85;
SV 113/4;Vitón Calor seco - Aceites;63498,282;72;
SV 113/7;Vitón Extrusión;77537,122;70;
SV 113/7 Rev.2;Vitón Extrusión Rv.2;63195,6586;70;
SV 113/7R1;Vitón Extrusión Rv.1;71390,7805;70;
SV 113/7Rev.0;Vitón Extrusión Rv.0;76059,2231;75;
SV 113/9;Vitón Extrusión;67512,2098;80;
SV 113/9 Rev.0;Vitón Extrusión Rev.0;66101,7447;80;
SV 113/9 Rev.1;Vitón Extrusión Rev.1;62225,4965;80;
SV 114/1;VITON GF S;77316,3492;70;
SV 114/2;VITON PARA EXTRUSION;63470,2963;70;
SV 115/1;Silicona Incolora;7787,2119;70;
SV 115/10;Silicona Roja túnel;11205,7407;70;
SV 115/11;Silicona Blanca Túnel;10449,3006;70;
SV 115/11c;Silicona Blanca Túnel;8383,8507;70;
SV 115/12;Silicona Incolora Para marcos Prensa;11334,0441;70;
SV 115/12CH;Silicona para marcos ;8581,3132;70;
SV 115/13;Silicona blanca túnel;8459,9053;65;
SV 115/14;Silicona Roja Estabilizada Túnel Rev.1;9610,3471;70;
SV 115/14R0;Silicona Roja Estabilizada Túnel Rev.0;9658,4028;70;
SV 115/15;SILICONA NEGRA PARA TUNEL;8589,3679;70;
sv 115/15 Rev.1;SILICONA NEGRA PARA TUNEL;8597,4558;70;
SV 115/16;Silicona Incolora estabilizada Túnel;9631,2087;70;
SV 115/17;Silicona roja túnel;11101,9205;75;
SV 115/18;Silicona Gris para tunel;8829,5229;70;
SV 115/18 C;Silicona Gris para túnel;8829,5229;70;
SV 115/18 E;Silicona Gris para Túnel;8829,5229;70;
SV 115/18Rev0;Silicona Gris para túnel Rev.0;8568,901;70;
SV 115/19;Silicona Gris Prensa;7781,6188;70;
sv 115/1c;SILICONA INCOLORA;7787,2119;70;
SV 115/2;Silicona Roja prensa;7861,9868;70;
sv 115/20;SILICONA INCOLORA;6919,8983;75;
sv 115/21;SILICONA INCOLORA C/carga Túnel;7612,8335;75;
sv 115/22;SILICONA NARANJA autoclave;7892,6948;70;
SV 115/23;Silicona Incolora Túnel;10243,0551;75;
SV 115/24;Silicona naranja Túnel;8789,7922;70;
SV 115/25;SILICONA ROJA PIG Para tunel;8642,3734;70;
SV 115/26;SILICONA Gris Prensa 50% MGsil;5714,6066;70;
SV 115/2C;Silicona Roja;7869,5481;70;
SV 115/2Pig;Silicona Roja con Pigmento D:70;8108,0474;70;
SV 115/3;Silicona Incolora estabilizada;8859,8256;70;
SV 115/30;SILICONA NARANJA D:75-80;11430,4111;75;
SV 115/4;Silicona Gris Diablito;7767,9745;70;
SV 115/5;Silicona negra;7813,6684;70;
SV 115/5C;Silicona negra D:70;7814,9867;70;
SV 115/6;Silicona Blanca;7627,8342;70;
SV 115/6c;Silicona Blanca;7722,9437;70;
SV 115/7;Silicona Verde;8122,1367;70;
SV 115/8;Silicona Negra;11349,2089;75;
SV 115/9;Silicona Incolora Túnel;8579,6069;70;
SV 115/9c;Silicona Incolora Túnel;8579,6069;70;
SV 115/9Col;Silicona Incolora D:70 resistente al colapso;20794,7793;70;
SV 115/9E;Silicona Incolora Túnel;8579,6069;70;
SV 115/9KCC;SILICONA INCOLORA;9622,3655;70;
SV 116/1;Silicona Incolora Prensa;7780,5187;40;
SV 116/10;Silicona negra para prensa;7822,2045;40;
sv 116/11;Silicona blanca autoclave;7714,8807;40;
SV 116/12;Silicona blanca tunel;8564,3054;40;
SV 116/13;Silicona Incolora colapso D:40;17130,2276;40;
SV 116/1C;Silicona Incolora;7780,5188;40;
SV 116/2;Silicona Roja;7868,291;40;
SV 116/2T;Silicona Roja Túnel;8637,511;40;
SV 116/3;Silicona Incolora Túnel;8579,6069;40;
SV 116/4;Silicona negra cargada;7033,5975;40;
SV 116/5;Silicona negra  Túnel;8676,36;40;
SV 116/6;Silicona Blanca Túnel   (no usar fea piel);8499,0348;40;
SV 116/7;Silicona Negra;7735,4236;40;
SV 116/8;Silicona Incolora Túnel;8669,0066;42;
SV 116/9;Silicona Naranja Tunel;8842,8464;40;
SV 116/9C;Silicona naranja Túnel;17915,2092;40;
SV 117/10;Silicona Blanca;9773,5388;80;
SV 117/10T;Silicona Blanca;10555,9862;80;
SV 117/11;Silicona Incolora Túnel;12105,1241;75;
SV 117/12;Silicona incolora Túnel Safer;10342,3655;65;
SV 117/13;SILICONA CARGADA PRENSA;9635,5636;80;
SV 117/14;SILICONA CARGADA PARA PRENSA;9292,8659;80;
SV 117/15;Silicona negra Túnel Safer;12015,2209;75;
SV 117/8;Silicona Incolora;11587,0901;75;
SV 117/9;Silicona Blanca;11005,0302;75;
SV 117/9 T;Silicona Blanca;11743,8507;75;
SV 120/1;Silicona Incolora solo prensa;8205,9408;40;
SV 124/1;SILICONA NEGRA TÚNEL CON 80 PHR MGSIL;6398,0083;55;9-6-2022 - Nueva formula con menos MGSIL para mejorar calidad y menor dureza 
SV 124/1 rev. 1;SILICONA NEGRA TÚNEL CON 80 PHR MGSIL;5402,7156;60;
SV 124/1 REV.1;SILICONA NEGRA TÚNEL CON 80 PHR MGSIL;5524,7282;60;
SV 124/1-Wynca;Silicona negra 50% de carga;6614,2472;55;
SV 124/1CH;Slicona Negra con 50% carga;6653,3397;55;
SV 124/2;SILICONA NEGRA PARA PRENSA CON CARGA;10026,9134;80;
SV 124/2 Rev.1;SILICONA NEGRA PARA PRENSA CON CARGA;8996,3228;80;
SV 125/1;SILICONA ROJA CON PIGMENTO;8890,9902;60;
SV 126/1;CAUCHO BUTILICO PROPIEDADES MECANICAS;3554,7221;70;
SV 127/1;Silicona Blanca;7627,8342;60;
SV 127/1t;Silicona Blanca para túnel;8383,8507;60;
SV 127/2;Silicona Incolora;7780,5188;60;
SV 127/22;Silicona Verde Claro;8583,5923;60;
SV 127/23;Silicona Negra;7761,1901;65;
SV 127/24;Silicona Roja;7868,291;65;
SV 127/25;Silicona Incolora Túnel;8579,6069;60;
SV 127/25ALT;Silicona Incolora Túnel (falta RBB);8579,6069;60;
SV 127/25C;Silicona incolora Túnel ;8579,6069;60;
SV 127/25CEN;Silicona Incolora Tunel Baja Propiedades;9001,6758;60;
SV 127/25CH;Silicona incolora china;9374,0896;60;
SV 127/25M;Silicona Incolora Túnel (Momentic);7191,7448;60;
SV 127/26;Roja túnel;8637,511;60;
SV 127/26C;Silicona roja para túnel;8531,7292;60;
SV 127/26cR0;Silicona roja para túnel Revisión 0;8637,511;60;
SV 127/27;Silicona Amarilla;8039,5203;60;
SV 127/28;Silicona Blanca Túnel;8499,0348;60;
SV 127/28C;Silicona Blanca Túnel;8383,8507;60;
SV 127/29;Silicona Blanca Para tunel;8383,8507;65;
SV 127/29C;Silicona Blanca Para tunel;8383,8507;65;
SV 127/2ALT;Silicona Incolora Prensa (falta RBB);7780,5188;60;
SV 127/2C;SILICONA INCOLORA rev 10/12/15;7780,5188;60;
SV 127/30;Silicona Negra Túnel con 20 PHR de carga Rev.1;7964,3464;60;
SV 127/30Prensa;Silicona Negra Prensa;7163,087;60;
SV 127/30Rev.0;Silicona Negra Túnel con 20 PHR de carga Rev.0;7819,7499;60;
SV 127/31;Silicona Incolora Túnel ;8579,6069;65;
SV 127/31c;Silicona incolora Tunel;8579,6069;65;
SV 127/31CH;Silicona incolora China;9374,0896;65;
SV 127/32;Silicona Roja Túnel Cargada;8921,2867;65;
SV 127/33;Silicona Negra Túnel ;8608,8324;60;
SV 127/33C;Silicona Negra Túnel ;8608,8324;60;
SV 127/34;Silicona Gris;7623,006;60;
SV 127/35;Silicona Negra Túnel Estabilizada;9656,8318;60;
SV 127/36;Silicona Naranja Cargada (se agregó 0.1 phr)pigmento 20/5/16;7382,4629;60;
SV 127/36CH;Silicona naranja china;8069,1849;60;
SV 127/36Safer;Silicona Naranja Cargada (EN DESUSO);6838,7923;60;
SV 127/37;Silicona Naranja túnel;8843,0506;60;
SV 127/37 B;Silicona Naranja túnel;8697,9073;55;
SV 127/37 C;Silicona Naranja tunel;8789,7922;60;
SV 127/38;Silicona Negra Túnel;7819,7499;55;
SV 127/39;Silicona Naranja Cargada;7353,047;50;
SV 127/40;Silicona Blanca para túnel;8537,5855;60;
SV 127/41;Silicona Negra Túnel con carga;7929,8819;60;
SV 127/42;Silicona incolora Túnel ;8579,6068;56;
SV 127/43;Silicona incolora para marcos;9557,2814;65;
SV 127/44;SILICONA naranja autoclave;7886,2762;60;
SV 127/45;SILICONA ROJA PIG DS 30 (PRENSA);7853,1865;60;
SV 127/46;Silicona marrón para túnel 20 phr;7633,2125;60;
SV 127/46CH;Silicona marrón para túnel 20 phr China;8287,8643;60;
SV 127/47;Silicona Gris para túnel 36 PHR carga;6614,3432;60;
SV 127/48;Silicona Negra Túnel con 50 PHR de carga;6121,9394;60;
SV 127/49;SILICONA ROJA PIG Para tunel;8642,3734;55;
SV 127/5;Silicona Roja Prensa - Revisión 1;7743,9945;60;
SV 127/50;Silicona Gris autoclave;7790,7782;65;
SV 127/51;SILICONA ROJA PIG 6202 FERRARI (PRENSA);8074,9866;60;
SV 127/52;Silicona roja Tunel;8637,5111;65;
SV 127/53;Silicona Negra Túnel con 20 PHR de carga Rev.1;7832,7257;55;
SV 127/54;Silicona Amarilla Estabilizada para Prensa;8896,6861;60;
SV 127/55;Silicona incolora Túnel (0.8phr PERKADOX);8200,9;60;
SV 127/56;Silicona Gris Túnel (0.8PHR PERKADOX);8194,6238;60;
SV 127/5C;Silicona Roja D: 60;7860,079;60;
SV 127/5Rev.0;Silicona Roja Revisión 0;7868,291;60;
SV 127/6;Silicona Incolora;7787,2119;65;
SV 127/6C;Silicona incolora;7788,5466;65;
SV 127/7c;Silicona incolora tunel;8633,2819;65;
SV 127/8;Silicona Blanca;7629,1811;65;
SV 127/8c;Silicona Blanca ;7691,0884;65;
SV 127/9;Silicona Negra;8584,4898;60;
SV 127/9C;Silicona Negra Túnel;8583,0957;60;
SV 127/9P;Silicona Negra prensa/Autoclave;7793,845;60;
SV 128/1;Silicona Incolora;7788,5466;50;
SV 128/10;Silicona Amarilla;8039,5203;45;
SV 128/11;Silicona Incolora;7780,5188;45;
SV 128/11C;Silicona incolora Túnel;8579,6069;50;
SV 128/11T;Silicona Incolora;8579,6068;45;
SV 128/12;Silicona Roja;7868,291;45;
SV 128/13;Silicona Blanca;7696,4476;55;
SV 128/13c;Silicona Blanca Silastic;7722,9437;50;
SV 128/14;Silicona negra Túnel Rev 20/01/16;8608,8323;50;
SV 128/17;Silicona Incolora Túnel;8579,6068;55;
SV 128/17alt;Silicona Incolora Túnel (Falta RBB);8579,6068;60;
SV 128/17C;Silicona Incolora Túnel Común;8579,6068;55;
SV 128/17col;Silicona Incolora Túnel ;14076,4344;55;
SV 128/17E;Silicona Incolora Túnel;8579,6069;50;
SV 128/18;Silicona incolora Túnel;8579,6068;45;
SV 128/19;Silicona Roja Túnel D:50;8531,7292;50;
SV 128/19P;Silicona Roja Prensa;7869,5481;50;
SV 128/1C;Silicona Incolora rev 04/12/15;7780,5187;50;
SV 128/2;Silicona Roja;7868,2909;50;
SV 128/20;Silicona BLANCA;7691,0884;45;
SV 128/21;Silicona Roja Estabilizada TÚNEL;8531,7292;50;
SV 128/25;Silicona Negra para Túnel;9880,9436;55;
SV 128/27;Silicona Incolora Túnel;8579,6068;55;
SV 128/28C;Silicona Blanca Túnel;8499,0348;50;
SV 128/29;Silicona Blanca colapso;13290,687;55;
SV 128/2C;Silicona Roja;7869,5482;50;
SV 128/3;Silicona Incolora estabilizada;8859,8256;50;
SV 128/30;Silicona Incolora Túnel Colapso;14076,4344;55;
SV 128/31;Silicona Incolora Túnel Colapso;15908,7103;45;
SV 128/32;Silicona Gris Túnel Colapso;15374,5412;45;
SV 128/33;Silicona blanca colapso túnel;20478,1653;55;
SV 128/34;Silicona negra para prensa;7822,2045;50;
SV 128/35;Silicona blanca Túnel;8499,0349;45;
SV 128/36;Silicona Roja Estabilizada Túnel Safer;9658,4028;55;
SV 128/37;Silicona Roja Túnel D:45;8531,7292;45;
SV 128/4;Silicona gris Safer;7639,424;50;
SV 128/4C;Silicona Gris Causer Túnel ajustado el 27/01/22;8725,8367;50;
SV 128/4C Rev.1;Silicona Gris Causer Autoclave;7639,4239;50;
SV 128/5;Silicona Incolora;7787,2119;48;
SV 128/5C;Silicona Incolora ;7780,5188;48;
SV 128/6;Silicona Roja;7868,291;55;
SV 128/7;Silicona Incolora;7787,2119;55;
SV 128/7C;Silicona Incolora rev 13/12/15;7788,5466;55;
SV 128/8;Silicona Blanca;7721,6032;50;
SV 128/9;Silicona Azul;7871,4789;55;
sv 129/11;Silicona roja estabilizado modific 15/12/15;7752,0117;55;
SV 129/11C;Silicona roja estabilizada;8905,2795;55;
SV 129/11CH;Silicona roja estabilizada;9060,8163;55;
SV 129/11CH RV1;Silicona roja sin estabilizador;8533,0355;55;
SV 129/15;Silicona negra estabilizada;8869,7432;55;
SV 129/15 Rev1;Silicona negra sin estabilizador;7830,7747;55;
SV 129/15ch;SILICONA NEGRA ESTABILIZADA;9626,6457;55;
SV 130/1;Silicona Incolora ;9295,7;85;
SV 130/2;Silicona Incolora ;10684,4215;80;
SV 130/2C;Silicona Dureza 75/80;12105,1241;80;
SV 130/3;Silicona Blanca Dureza 75/80;11956,4261;80;
SV 130/4;SILICONA BLANCA TÚNEL;11956,4261;80;
SV 130/6;Silicona Roja Cargada;9325,9535;85;
sv 130/6en desa;silicona d 85 para cetour con dos ctalizadores;9944,2;85;esperar ok
SV 131/1;Silicona Incolora Rev.1;9164,5663;35;
SV 131/3;Silicona Roja Túnel Rev.1;13928,9331;35;
SV 131/4;Silicona Incolora Túnel Rev.1;12687,331;35;
SV 131/4b;Silicona Incolora Túnel Rev.1 (CUANDO NO HAY D:20);8579,6069;35;
SV 131/4Rev.0;Silicona Incolora Túnel Rev.0;8579,6069;35;
SV 131/5;Silicona Incolora Túnel Rev.1;14056,5723;30;
SV 131/5Rev.0;Silicona Incolora Túnel rev.0;8579,6069;30;
SV 131/6;Silicona incolora ;13292,6258;30;
SV 131/7;Silicona Blanca Túnel;12527,3827;35;
SV 131/8;Silicona incolora solo prensa;10540,5862;35;
SV 131/9;Silicona Incolora Túnel (Cuando no hay D.30);15425,8138;30;
SV 132/1;Silicona Negra Túnel 10% carga Rev.1;7941,2696;60;
SV 132/1Rev0;Silicona Negra Túnel 10% carga;7929,8819;60;
SV 132/2;Silicona Incolora Túnel 50 PHR Carga;6101,5187;35;
SV 132/3;Silicona Negra  30% carga Rev.1;6310,3194;60;
SV 132/3R0;Silicona Negra  30% carga Rev.0;6273,504;60;
SV 132/4;Silicona roja cargada para prensa;6764,0101;55;
SV 132/4R0;Silicona roja cargada Rev.0;7372,5882;55;
SV 132/5;Silicona Negra Túnel 50% carga;6121,9393;60;
SV 132/6;SILICONA ROJA 50 PHR DE CARGA;6372,4297;55;
SV 133/1;Silicona negra para vapor;44856,5958;60;
SV 133/1b;Silicona negra para vapor;46939,1108;60;
SV 133/1NEW;Silicona negra para vapor;44856,5958;60;
SV 133/1Rev.0;Silicona negra para vapor Rev.0;45974,5899;60;
SV 133/2;Silicona para vapor con 20 phr Elastosil 70;38761,4676;55;
SV 133/4;SILICONA VAPOR CON ELASTOSIL;20558,2539;60;
SV 133/5;SILICONA VAPOR;21923,2172;70;
SV 133/5 Rev.1;Silicona Vapor;19341,4734;70;
SV 133/7;Vitón Extrusión ;77537,122;70;
SV 133/9;Vitón Extrusión;67512,2098;80;
SV 134/1;Silicona verde Túnel ;8842,0285;60;
SV 134/2;Silicona verde Túnel ;8758,2352;60;
SV 135/1;Silicona incolora Colapso;13465,6758;55;
SV 135/2;Silicona incolora Colapso Rev.1;20794,7793;60;
SV 135/2R0;Silicona incolora Colapso;12244,1586;60;
SV 135/3;Silicona incolora Colapso;10411,8827;60;
SV 135/4;Silicona Negra Colapso;14938,5079;50;
SV 136/12;Silicona Incolora Estabilizada;8855,8739;50;
sv 136/13;Silicona negra;7807,0573;60;
SV 136/15;Silicona Incolora estabilizada Túnel;9631,2088;60;
SV 136/18;Silicona Roja;8825,5031;65;
SV 136/18R0;Silicona Roja Rev.0;8892,9228;65;
SV 136/18T;Silicona Roja Túnel;9649,5099;65;
SV 136/22;Silicona roja estabilizada túnel;8531,7292;55;
SV 136/22 BC;SILICONA ROJA;7106,9934;55;
SV 136/22/20;SILICONA ROJA TUNEL;7375,4362;55;
SV 136/22/30;Silicona roja  túnel con 30 phr carga;6949,8135;55;
SV 136/22/40;Silicona roja  túnel con 40 phr carga;6542,975;55;
SV 136/22BF;Silicona roja estabilizada túnel;9610,3471;55;
SV 136/22E;Silicona Roja Safer Túnel;9569,22;55;
SV 136/22R.0;Silicona roja estabilizada túnel Rev.0;9658,4028;55;
SV 136/23;SILICONA ROJA;9658,4028;60;
SV 136/23c;Silicona roja estabilizada túnel Rev.1;9569,22;60;
SV 136/23cR0;Silicona roja estabilizada túnel;9658,4028;60;
SV 136/24;Silicona negra estabilizada túnel;9652,5715;55;
SV 136/25;Silicona incolora estabilizada Túnel;23059,0348;20;
SV 136/26;Silicona roja estabilizada túnel con carga;8300,7107;55;
SV 136/27;Silicona Incolora estabilizada Túnel;9631,2087;55;
SV 136/30;Silicona incolora estabilizada túnel;9631,2087;50;
SV 136/44;Silicona Gris Túnel Rev.1;12240,3019;35;
SV 136/44Rev.0;Silicona Gris Túnel Rev.0;12284,7337;35;
SV 136/47;Silicona Blanca;9390,6;50;
SV 136/48;Silicona Incolora Estabilizada TUNEL;9631,2087;70;
SV 136/50;Silicona resistente al vapor;45745,3142;60;
SV 136/51;Silicona Negra estabilizada Túnel;9616,1246;60;
SV 136/52;Silicona Roja Estabilizada Túnel;22821,4787;20;
SV 136/53;Silicona Negra Túnel Estabilizada;9616,1246;60;
SV 136/53CH;Silicona Negra China;9396,5042;60;
SV 136/8;Silicona Incolora estabilizada;8855,8739;70;
SV 136/8Col;Silicona Incolora estabilizada Colapso;15620,7739;70;
SV 138/1;CAUCHO BUTILICO 120? C;4639,1336;70;
SV 143/00;ESPONJA SAFER CON BICARBONATO;22510,1255;15;
SV 143/10;Silicona esponjosa Roja Safer Rev.1;25321,4049;15;
SV 143/11;Silicona esponjosa Safer (cuando no hay Elastosil 20);16470,1592;15;
SV 143/12;Silicona esponjosa Safer;16470,1592;25;
SV 143/13;Silicona Esponjosa Safer;23630,5227;15;
SV 143/14;Silicona Esponjosa Safer ;24857,0711;20;
SV 143/15;ESPONJA UN POCO MAS DURA.;25127,9124;20;
SV 143/16;Silicona Esponjosa Safer negra para zunino 22-03-2019;24448,3872;20;
SV 143/17;ESPONJA DE SILICONA CON SIL CHINA;11923,7053;20;25/04/19 - Se carga nueva formula a base de silicona china.
SV 143/18;Esponja para U - Burletes Grandes;15661,6451;20;
SV 143/19;Silicona Esponjosa Safer BLANCA;23183,8247;20;
SV 143/20;Silicona Esponjosa Safer NARANJA;24921,623;20;16/07/21 - Nueva formula esponja naranja para el cliente Delga.
SV 143/3;Esponja de silicona (EN DESUSO);41395,6834;15;
SV 143/5;Esponja de silicona (EN DESUSO);32340,7851;10;
SV 143/57;SILICONA AMARILLA TUNEL ESTABILIZADA;9463,8711;60;25/04/19 - Nueva formula según SV 127/54 (Pero para túnel).
SV 143/6;Silicona esponjosa Safer Rev.1;16515,4439;10;
SV 143/6b;Silicona esponjosa Safer vieja Modificada 01/08/2013;16470,1592;15;
SV 143/6Rev0;Silicona esponjosa Safer Rev.0;16605,75;15;
SV 143/7;Silicona esponjosa Safer;23339,1802;20;
SV 143/8;Silicona esponjosa Safer;15586,0726;15;
SV 143/9;Silicona esponjosa Safer - burletes grandes;19214,0458;15;
SV 144/1;SILICONA ESPOJOSA CON BLOWER 200;13721,2253;20;SILICONA CON MATERIAL CHINO Y ELASTOSIL
SV 144/3(270);Silicona esponjosa;23506,463;15;
SV 144/3(540);Silicona esponjosa;23506,463;15;
SV 145/1;Esponja silicona para molde.;23369,7459;20;
SV 150/1;FLUORSILICONA;26347,1915;50;
SV 150/10;FLUORSILICONA PARA PRENSA;51326,7177;60;
SV 150/2;Fluorsilicona REV.1;35225,6179;60;
SV 150/2+Blanda;Fluorsilicona + Blanda + 0.5 phr Perkadox;34955,975;60;
SV 150/2Causer;Fluorsilicona Estab. Causer;36590,7531;60;
SV 150/2rev0;Fluorsilicona;34824,398;50;
SV 150/3;Fluorsilicona Roja Túnel;51993,1273;60;
SV 150/3R.0;Fluorsilicona Roja Túnel;51489,5191;60;
SV 150/4;SILICONA RESISTENTE A ACEITE WACKER;10170,9525;60;16/7/19- Nueva formula con silicona de Wacker resistente a los aceites.
SV 150/5;SILICONA RESISTENTE A ACEITE WACKER + VAPOR;18017,22;60;16/7/19- Nueva formula con silicona de Wacker resistente a los aceites mas vapor
SV 151/1;Silicona para baja temperatura hasta -116? C;16449,9517;60;
SV 151/2;Silicona para baja temperatura hasta -116? C;15884,6958;60;
SV 160/1;SILICONA COLOR ARENA 146;9137,0304;60;
SV 160/1CH;SILICONA COLR ARENA 146;9924,5304;60;
SV 160/2;SILICONA COLORA GRIS 84;8840,0985;60;
SV 170/1;SILICONA INCOLORA + FLUIDO + POLYMIST;14154,978;70;
SV 170/2;SILICONA INCOLORA  + POLYMIST - la mejor para knauf;10897,9352;70;
SV 170/3;Silicona incolora resistente a la Abrasion;25246,7274;60;
SV 180/1;Silicona roja prensa;7396,0789;60;
SV 200/1;SILICONA INCOLORA TUNEL;7191,7448;60;
SV 210/1;SILICONA GRADO FARMACEUTICO;10458,2495;70;
SV 500/1;EMPASTE PIGMENTO NEGRO;8556,7999;50;
SV 600/1;Base Ferrite rojo siliconas;9823,4885;45;
SV 600/2;Base Ferrite rojo siliconas;9823,4885;45;
SV 700/1;MASTER DE TITANIO SILICONA;6085,8;35;
SV 701/1;Silicona resistente hidrocarburos;10243,0551;70;
SV 800/1;MASTER AZUL 1205;21520,8;35;
SV ESP.REC;SILICONA ESPONJOSA RECICLADA;;15;
SV RECICLADA;SILICONA BLANCA TÚNEL RECICLADA;;50;
SV Reciclada 50;Tunel gris claro RECICLADA;;50;
SV Reciclada 55;Tunel gris claro;;55;
SV reciclada 60;tunel;;60;
SV reciclada 70;tunel;;70;
SV reciclada A;autoclave incolora;;60;
SV reciclada AG;autoclave Gris;;60;
SV reciclada AI;autoclave incolora;;60;
SV reciclada AN;autoclave Negra;;60;
SV reciclada AR;autoclave Roja;;60;
SV reciclada TB;tunel Blanca;;65;
SV reciclada TG;tunel Gris;;65;
SV reciclada TN;tunel Negra;;65;
SV reciclada TR;tunel roja;;65;
UNIVERSAL 4070;EMPASTE DE CAuser;3485,276;70;
VALENTI AC1;prueba aceleracion numero 1;2837,4219;15;
VALENTI AC2;prueba aceleracion numero 2;2878,5966;15;
VALENTI AC3;prueba aceleracion numero 3;2743,9558;15;
VALENTI Ac4;prueba aceleracion numero 4;2793,3465;15;
VALENTI Ac5;prueba aceleracion numero 5;2744,4145;15;
VIC;PRUEBA DE ESPONJA DE EPDM CON CCJ ;5446,7069;60;
VICBLANDA-ISISA;Esponja de epdm;5506,8648;15;
